product_id,embedding
1,"(0.44999446482542427, 0.5032603902014138, 0.7522599831285478, 0.7083191955352975, 0.8875394089678014, 0.3366160219912636, 0.26328539087339264, 0.08300886086798043, 0.8500571105615544, 0.8685153648726879)"
2,"(0.6345693696142013, 0.5970002513877554, 0.7970501294735185, 0.2985335771857037, 0.15481695962286712, 0.8587561214411806, 0.7277488997425379, 0.6546030105531024, 0.2691695919463999, 0.4247363419023461)"
3,"(0.9307255773213401, 0.46209253060241706, 0.042609324397997694, 0.36107970854048443, 0.20967672434086182, 0.7507843441777975, 0.4379332306957976, 0.08541504976878633, 0.05442650056172271, 0.376172608731842)"
4,"(0.18550987649469886, 0.9610183377332067, 0.5100794367964349, 0.964402268539192, 0.30579565820050225, 0.25175041047786817, 0.6987101401471812, 0.5408127404851202, 0.1760470041290937, 0.3804653283681959)"
5,"(0.9558226502324872, 0.6744121352573648, 0.8720098016974586, 0.05786018667550907, 0.1726058334496079, 0.3605839903217547, 0.49151621455438455, 0.6126236441778625, 0.6516284617543857, 0.19220919450475404)"
6,"(0.949263993151856, 0.4986522063249622, 0.5819265212329293, 0.20958545922486305, 0.24525757531612336, 0.9481270373896772, 0.9351019522759706, 0.18628827726334285, 0.20243413406020272, 0.11413406860014719)"
7,"(0.5999920916572868, 0.8866535440291725, 0.046517724806559246, 0.3531324418656544, 0.3393282249488684, 0.4276764307159511, 0.4393667369771933, 0.5018657985740236, 0.7834095664237636, 0.41938492146945927)"
8,"(0.498431059395275, 0.5238439020624409, 0.6693904177577298, 0.993244068912085, 0.7386604052095613, 0.6398196585459455, 0.298204639329379, 0.06133585164989719, 0.21829229585098053, 0.717127286276041)"
9,"(0.12199206962793097, 0.6545706308271588, 0.8667683039115228, 0.24567335518654188, 0.8521874168031007, 0.9925343241278834, 0.9937448593584134, 0.20874601552480776, 0.8957083345400412, 0.48677762733345564)"
10,"(0.1724804927586775, 0.9334340121983992, 0.2611211357416069, 0.3155128722336029, 0.9257545092990586, 0.8838868482012385, 0.8520791634875536, 0.06851529096977005, 0.3418985031448646, 0.6800135319281863)"
11,"(0.9734614798763261, 0.704878029930606, 0.7311857987757852, 0.3746867109440791, 0.5882733236773933, 0.7748964131061612, 0.9504385267311, 0.2821532094220236, 0.08165359839689068, 0.16006619751831952)"
12,"(0.12100640451107558, 0.8125178511103639, 0.551555242490268, 0.883077990516841, 0.25242986007155044, 0.7066163470904053, 0.7370340278253388, 0.6887025856415171, 0.9631483740602503, 0.21369256131400405)"
13,"(0.1692849169573818, 0.6206446753078797, 0.3069237076915865, 0.49064387486721606, 0.8141118830765053, 0.31595418499770167, 0.1915149989862982, 0.5658321776484188, 0.6031934202809466, 0.4064365726193402)"
14,"(0.1205476012982104, 0.477152976302447, 0.6534335195802677, 0.4381313153908335, 0.5891775550291898, 0.8798382327870182, 0.23957869720256997, 0.5015037065545007, 0.4058461367518016, 0.5281488478617619)"
15,"(0.779948766695881, 0.3272340867861675, 0.38327408277710395, 0.7025601709600021, 0.08061741774565834, 0.9605571096697362, 0.9190109009749923, 0.3336828404133174, 0.4399968882668205, 0.06579631661826202)"
16,"(0.752890052466251, 0.3898102604460699, 0.3375978752464952, 0.39747242395660287, 0.7703358158789347, 0.1104526462687121, 0.6986967524463598, 0.4972372883619576, 0.2808457067781083, 0.48618993962083323)"
17,"(0.9083488071437289, 0.09555929502781269, 0.7630265953020149, 0.9953160872834638, 0.030294823345952016, 0.03151399782788, 0.22445965832611947, 0.47224342794174434, 0.14554054823148987, 0.831638653641322)"
18,"(0.8605297663168625, 0.7885733502497031, 0.5273681176779466, 0.8676616790618925, 0.6732559534035786, 0.39555869641209407, 0.5871352007823443, 0.033905343735057714, 0.6992590422211616, 0.44263022110106054)"
19,"(0.7022314706240395, 0.2573830005339067, 0.20998347442567, 0.26828705795475205, 0.6986216325958994, 0.41326123127777326, 0.8294378244278076, 0.9694756216174844, 0.7165228737191595, 0.5924894056230414)"
20,"(0.8193719383942695, 0.11767196778652589, 0.7558691100684554, 0.018649341991261226, 0.7872306316039959, 0.23256248319017758, 0.8463412193162192, 0.8278612207716333, 0.44435079288899737, 0.840633856144828)"
21,"(0.44217374046268043, 0.7559503154714815, 0.12794376406446606, 0.10716492579392212, 0.048063576856900214, 0.49503220386572955, 0.8089693537506585, 0.12477359308472125, 0.3102322915725835, 0.9528526938309321)"
22,"(0.5435652173832053, 0.23983971198463605, 0.6106769203227025, 0.616122998617558, 0.9308959368242231, 0.023410310618771968, 0.5965496730707711, 0.29586023192660493, 0.8164730252310883, 0.3557270684468957)"
23,"(0.6757361985256363, 0.9159355032152074, 0.6248017965524001, 0.30127551465786506, 0.3970735867884183, 0.00755620837012505, 0.627350298023839, 0.12332912159747678, 0.6879167924147254, 0.13474124058000503)"
24,"(0.8993329744606342, 0.1247396312405058, 0.19321922449803497, 0.9731019838477449, 0.24859699878701258, 0.7040229525159987, 0.5536945751267691, 0.45257650817327666, 0.024471464283679745, 0.999323411119597)"
25,"(0.9310580653041859, 0.5533951785574448, 0.652613311973319, 0.580006295770337, 0.8111010620317883, 0.38572531728843895, 0.08521525125037333, 0.09685353685183229, 0.19698922373500194, 0.6870577243457787)"
26,"(0.8141482107583027, 0.6630778745999126, 0.7223527490532324, 0.23905949122748482, 0.5267805187489237, 0.5011123606317791, 0.6470321180101188, 0.5036862894365708, 0.33606707753768106, 0.840860247396552)"
27,"(0.10451371023139489, 0.9885966064530998, 0.04382082947222232, 0.47299306550672704, 0.9846123036836416, 0.7238583026161064, 0.14623497815229847, 0.6371163876016133, 0.7303444694737644, 0.1984669896143877)"
28,"(0.27717021390946817, 0.48476678726530387, 0.2191380952062626, 0.17698500712337728, 0.2739131674084476, 0.495633547532528, 0.6188271647274282, 0.7296878336507082, 0.18821524317545535, 0.25730004274789575)"
29,"(0.9912827972683865, 0.14692973216735483, 0.011683034087162647, 0.6952896957718879, 0.94797084806794, 0.036346773685294265, 0.38227566998837803, 0.8781988843444497, 0.6674707378284223, 0.15367101643410586)"
30,"(0.824031660275897, 0.4516666420002544, 0.16425045665817573, 0.2111265545584594, 0.8580169608833867, 0.016585272351147817, 0.7072482268411563, 0.14785853534273197, 0.22102670142733583, 0.8247738381947549)"
31,"(0.4383756958127941, 0.6095843531148388, 0.4947224729352536, 0.17331325600532776, 0.9586037067910943, 0.08375405839504846, 0.43947318713608186, 0.7815935197290588, 0.6473458558370322, 0.36791810102097944)"
32,"(0.25549655394536663, 0.8990018626155395, 0.8448244988327681, 0.552065728432456, 0.6130978303583537, 0.060123415745375386, 0.7981815416142615, 0.7146435302001558, 0.867860723436333, 0.9415494682668425)"
33,"(0.3077558896294459, 0.03411832267700421, 0.3388640064692623, 0.037700593282764316, 0.9643828260572241, 0.2641144428642891, 0.6117151991460771, 0.19487397175247245, 0.9907789760864556, 0.30102076286755186)"
34,"(0.3505887787821681, 0.7941077869730014, 0.2791751788141892, 0.1710012087741597, 0.8033621591756859, 0.15243424587577914, 0.8243505613433132, 0.8349066643870304, 0.8966186631412737, 0.448862568613246)"
35,"(0.35737029112195784, 0.25900948874892127, 0.20355045989661724, 0.4153558945017689, 0.3841282947579556, 0.45923994603948237, 0.27667578208611165, 0.5776676202121681, 0.025887861479498175, 0.28894332146413804)"
36,"(0.28634453466235565, 0.16909876222689957, 0.755332972453592, 0.6243577613163621, 0.847823889800579, 0.9747613690062966, 0.7844289210987163, 0.1401494407318178, 0.94313736264158, 0.12832396624528586)"
37,"(0.7013369917063683, 0.6141330292116887, 0.2696435262508825, 0.427593267399649, 0.7585138421731836, 0.005540239067307384, 0.8798389901126381, 0.04049498747424607, 0.9791987088014601, 0.23085303573275107)"
38,"(0.31232913220051384, 0.8228867277769704, 0.4244639717933282, 0.08638933372715507, 0.9306725023041009, 0.1136174581230982, 0.8353585519687904, 0.4637513197609746, 0.6888498709778207, 0.356408708996113)"
39,"(0.2310587319321723, 0.5561352927649612, 0.5294934983842088, 0.55106233788437, 0.042571388302799607, 0.021972261855785824, 0.38735679796324696, 0.29701247619626947, 0.7970980120290304, 0.8907114432378854)"
40,"(0.5697781017723739, 0.35650539498828915, 0.727063942132613, 0.8405181149059414, 0.7741162612881124, 0.8904625114946028, 0.4617102345252089, 0.05582758429697787, 0.3210752235633706, 0.7506723705936829)"
41,"(0.37165565992378136, 0.06318587159818623, 0.6828905830732829, 0.6340713736825168, 0.39578874869568437, 0.313359457439628, 0.7186107128821181, 0.20486988802384942, 0.9667595271690373, 0.1272349953970322)"
42,"(0.7580424343479395, 0.6347853439254303, 0.14998788913630512, 0.3712133067178697, 0.9790545745326205, 0.7550948131910855, 0.6356933464861353, 0.23681302785910752, 0.22260850728725945, 0.4051156443234125)"
43,"(0.4817346907782265, 0.04639797311814786, 0.6952170011332688, 0.6473668049239798, 0.7902355623613866, 0.9668525786569901, 0.9994452478110462, 0.8556015830514769, 0.5517263697539467, 0.4922444383696548)"
44,"(0.1919097561985168, 0.540552473227807, 0.9836879308000457, 0.3398031699148434, 0.697899103132636, 0.8690185991979855, 0.17765843541070914, 0.10544509909934285, 0.7524222597672816, 0.29324207323153517)"
45,"(0.6145495576437344, 0.33865625935872745, 0.7574452383667787, 0.6697105061331384, 0.7040654982547855, 0.5739011054047778, 0.007321550622311657, 0.043978234608742284, 0.28304001839760495, 0.7922374585697546)"
46,"(0.8925238173299992, 0.8681298622468047, 0.38983317759060887, 0.23147837395156223, 0.6547267769416018, 0.9236956335122556, 0.4840051663781826, 0.3912985830625474, 0.8767512371911462, 0.2824338960330216)"
47,"(0.970414688751558, 0.9793506298407296, 0.7408179082206137, 0.19200530005016847, 0.2226836739122624, 0.89544144454872, 0.042283290991653066, 0.04752116049361377, 0.8178878531936461, 0.6443609326510397)"
48,"(0.5054640516346701, 0.38065094141639744, 0.24964601975020628, 0.4142183539830663, 0.13581826927255958, 0.16818366094287307, 0.44005337420916124, 0.436046535604916, 0.018887256965261168, 0.10982159189287588)"
49,"(0.4436812125209787, 0.9566163242854298, 0.5128798095870165, 0.9823296643088862, 0.35811154739163065, 0.012223760556234864, 0.09060587925482255, 0.6777722883798725, 0.05946345647069318, 0.8919132169746445)"
50,"(0.28580988286204934, 0.18586468836927283, 0.5516267403860258, 0.36332585500210257, 0.9768874660010541, 0.2644340719353, 0.07463727681925691, 0.41080752825877986, 0.6948479159576622, 0.8096260220274265)"
51,"(0.16205531744667467, 0.14393784699132772, 0.8872013631794823, 0.7989996193072533, 0.1688463576702759, 0.9903158656813492, 0.27711527060563124, 0.5495988396565142, 0.8115393029738267, 0.29214601853937383)"
52,"(0.14077137503378734, 0.10413699731725412, 0.81669460384188, 0.12271341050523588, 0.2700087883806397, 0.8742361532085591, 0.7004995753602515, 0.11764041184381824, 0.34961136039501506, 0.24518640520282664)"
53,"(0.47256369301521683, 0.8415074914474978, 0.16227773317652183, 0.07905425036475622, 0.9990571763756059, 0.809385847538646, 0.360291692956378, 0.03144927161125821, 0.37224866624080744, 0.24702636959482793)"
54,"(0.4541359897402837, 0.0733941132506043, 0.43198255846290057, 0.8079227472565014, 0.8784764498628227, 0.09000136868113273, 0.800904194764255, 0.008664976684777392, 0.869854956654704, 0.574039315131852)"
55,"(0.034179462817358175, 0.8066373738281514, 0.16930176455644141, 0.9082978861959425, 0.639119904500917, 0.12257065155646485, 0.7533023417697049, 0.3700083383643008, 0.05672085881792932, 0.5589602701327662)"
56,"(0.6845973014761849, 0.4754283736288907, 0.48352928714469523, 0.04968922104852147, 0.1308983781827785, 0.7689534294637126, 0.05019098215997886, 0.5927536864752069, 0.09590661921310561, 0.12914231749934413)"
57,"(0.028231367376054917, 0.023503357289545446, 0.25124737479357484, 0.4871112308292884, 0.6649988979757145, 0.22107903542730212, 0.6150966170106955, 0.11778221463655236, 0.7850919131969425, 0.9436825390400482)"
58,"(0.15772881941961547, 0.9927304068747366, 0.3588548968666163, 0.5775375510089125, 0.9939581701100597, 0.3565427168008527, 0.28679306824378836, 0.6439418725921808, 0.7867833198972498, 0.4378500117386469)"
59,"(0.9259995697778769, 0.33303070657369893, 0.05952231198297886, 0.9436628364879261, 0.7082947850173449, 0.6256594228864658, 0.7682913017940625, 0.712525917487208, 0.3447805090802265, 0.5184041255054075)"
60,"(0.8381531228304117, 0.6793848667865383, 0.9430672231442797, 0.17662535550326575, 0.7815768757754163, 0.7829494392479722, 0.37396022952132757, 0.5006714995281057, 0.8573660502344145, 0.9256275614877857)"
61,"(0.2650326517214563, 0.8788485205298235, 0.18747527078306825, 0.775887874102761, 0.124458249254631, 0.04622927274302113, 0.2261748991754171, 0.3577252013337082, 0.9920129502324733, 0.14525613505470458)"
62,"(0.003510281941287663, 0.7679042003029055, 0.15462189930396286, 0.9343001986563892, 0.7427279857903817, 0.4478541777732016, 0.5942989570074223, 0.9473253689092638, 0.43316158576360364, 0.7682982577104865)"
63,"(0.9096839563170723, 0.5218120204732722, 0.08253247347365689, 0.7558279696249679, 0.6672838598588473, 0.35622653704106777, 0.9464144442755222, 0.3226777452413687, 0.6100012680873201, 0.350628976778912)"
64,"(0.1402836173938974, 0.5077775081063035, 0.8430322719874744, 0.9304012550819604, 0.5720191655976217, 0.8555047937795004, 0.03550640557360685, 0.9777614106349963, 0.9582535234836395, 0.640835067263926)"
65,"(0.069424574091558, 0.9196179808649703, 0.6347892658178664, 0.569143139366169, 0.6518356537623905, 0.20109954203050584, 0.756882827006123, 0.03611129647111189, 0.9345997309000439, 0.2993276019326331)"
66,"(0.32487851671439094, 0.6233998790749776, 0.8941143754966914, 0.10066002085599224, 0.30555314384788435, 0.206529964688703, 0.10582580329983982, 0.18125447281116236, 0.5634169337187155, 0.4753651281107353)"
67,"(0.6911745067977932, 0.9214646990128083, 0.9108256252969898, 0.033055783473399325, 0.49846502517957636, 0.6991738204117642, 0.27501839257760285, 0.020740012460969015, 0.27773827143384155, 0.9039319643487969)"
68,"(0.2217993870634447, 0.806138296859053, 0.7148107760380747, 0.7168942104160734, 0.7793390340502053, 0.8261350046121223, 0.6501596181530264, 0.31638201198839944, 0.8908566641092799, 0.7702339798369634)"
69,"(0.4161849228020562, 0.1927409782670555, 0.2831079249976505, 0.41191875265292044, 0.6139931209897177, 0.19048970973401047, 0.6355276830167313, 0.3716158664241971, 0.4320177493664049, 0.015170214472270183)"
70,"(0.8726536200324647, 0.9826499913282376, 0.9713312223346109, 0.7970481579634443, 0.4796159980130904, 0.09733310300262676, 0.2946945360761035, 0.7591175126545147, 0.1634741616589266, 0.022007649711022204)"
71,"(0.2684445028066812, 0.029616969818852645, 0.845227793319809, 0.40581942938112714, 0.368594092603282, 0.7426518254657274, 0.30330523670650367, 0.9932191482537374, 0.7043592271570818, 0.23203719603049144)"
72,"(0.8022602108536214, 0.14523149560903836, 0.9729535853450332, 0.2361248559481357, 0.07513774338038626, 0.8164780401450743, 0.8582793096459375, 0.35768255319414266, 0.39688147818953723, 0.3609540452516169)"
73,"(0.13249500709583384, 0.40440374484770136, 0.2892849737039519, 0.4462850369504261, 0.9175801141841334, 0.09653393608040117, 0.5732828384724242, 0.5515064008160314, 0.16848440497831974, 0.8458689086462418)"
74,"(0.4910435716426985, 0.6352173375717367, 0.25569565956617946, 0.6774998599241027, 0.624428473093573, 0.4732309762968666, 0.09764008484550024, 0.30210545554017154, 0.48338921347429287, 0.8957679551526209)"
75,"(0.6830802707755416, 0.037784047695276546, 0.8147294492738499, 0.2771362339355752, 0.8671321155040476, 0.2405286429163751, 0.21750049010666617, 0.7733613815140571, 0.7974821960946742, 0.9702183554937057)"
76,"(0.9705676582888633, 0.8683573508343003, 0.17350602740338672, 0.2535362842321839, 0.9734133541415763, 0.768759652171921, 0.09342550720306775, 0.35219710800870185, 0.5165436319900969, 0.3912254288286272)"
77,"(0.25889620633058763, 0.8396093910843847, 0.04113169122829685, 0.08241814991662755, 0.1468147790691372, 0.8405808039273879, 0.9362147181903633, 0.4827934939851154, 0.9945189469681309, 0.38188726499020864)"
78,"(0.770106752056814, 0.1304957726388447, 0.3730916002573996, 0.47178826439139976, 0.8522663090314933, 0.6569318776713814, 0.9640347763891652, 0.6982193614942863, 0.9785863627032114, 0.09916400242595558)"
79,"(0.3769558293209786, 0.2096060739353336, 0.8235127593610594, 0.4469194311714668, 0.01222017432334499, 0.9461438790466199, 0.6003010105311335, 0.07040430788363528, 0.09707947812191409, 0.7288993549285695)"
80,"(0.6526457634369249, 0.12577539979973007, 0.11996141096134905, 0.5742988893405035, 0.860090174798046, 0.8258432170829467, 0.23043115497739497, 0.37306380276736906, 0.851094771527601, 0.4231598342735168)"
81,"(0.5241392520646796, 0.8578375940183915, 0.5339743636166467, 0.5802470961070676, 0.44964760488753874, 0.13730720794950313, 0.9556519544906079, 0.9921834591075847, 0.08806355811926991, 0.20881916665994704)"
82,"(0.7980925607741775, 0.01910845516063575, 0.7591799718715899, 0.032712165678714045, 0.6680132074021391, 0.28980238906425226, 0.26776714857135586, 0.2126249408027796, 0.1640106475374966, 0.0582529172855929)"
83,"(0.37858759472905557, 0.6963670842427533, 0.21162684308521806, 0.6573833218391872, 0.13785623965601645, 0.9880436261056322, 0.06947241945740423, 0.20477224057583976, 0.24960705279108297, 0.6403745947401356)"
84,"(0.882441940228931, 0.04662454429626506, 0.7689840461820882, 0.25278855817779233, 0.236922192662118, 0.728618746498783, 0.030405951656161, 0.29384007523624234, 0.6925139803979639, 0.1197811392616307)"
85,"(0.5201316733491261, 0.0498835172024743, 0.5240081389732183, 0.7048929103865668, 0.8547685179211147, 0.08742116104356246, 0.5439714681742495, 0.20265377907234028, 0.022456588125135513, 0.6512099359904012)"
86,"(0.09565439417928034, 0.81393645947441, 0.21174950920649482, 0.12448856781956963, 0.5418574391226065, 0.7487441601987146, 0.37181680339784096, 0.15193215223897427, 0.8463853479730481, 0.4806113257979798)"
87,"(0.33947657088354355, 0.29732157493322575, 0.5256557357078744, 0.6590997967680055, 0.05575808613923394, 0.021172590998107754, 0.7062393553732241, 0.2139040161096767, 0.8267567800675305, 0.3217703007356848)"
88,"(0.038507276402945156, 0.8233175255782353, 0.10559375720467845, 0.4342765305909657, 0.07467943895464502, 0.2091941903762673, 0.24996129719193694, 0.20380101119619742, 0.6051080136140304, 0.5631280619148004)"
89,"(0.738067366771257, 0.9093377083925174, 0.7692228496363229, 0.9069065673173679, 0.4593123418952789, 0.3341455758033278, 0.9543942659499217, 0.32028166738729225, 0.6101115745825119, 0.9717113629706136)"
90,"(0.9940433472812131, 0.8097460161588413, 0.5377448908664841, 0.7273201170552138, 0.5180764034605387, 0.7550676925816397, 0.8769378411282207, 0.13530554605671197, 0.043756203319126, 0.8830598061793195)"
91,"(0.11809603025946902, 0.0969178539868576, 0.0423344516047055, 0.8954555872679609, 0.5858372083293805, 0.14883461433963885, 0.30371301797589445, 0.43121782476942694, 0.9340890297198593, 0.6284351674164997)"
92,"(0.039922996838236746, 0.3988895908758343, 0.4714051452942165, 0.22112542527955192, 0.6694136880651671, 0.025425062401156495, 0.14610036138989524, 0.3536404079820843, 0.2351131394045609, 0.8216483663244392)"
93,"(0.7707254742266262, 0.7426869057969779, 0.7058660012819146, 0.595023711690737, 0.9793847982676073, 0.8538627280707378, 0.673021966328592, 0.2639294488545887, 0.06110095879427013, 0.5710575302993238)"
94,"(0.74438863735494, 0.7988089809487235, 0.8173829915206076, 0.9171877684116468, 0.541703484621601, 0.8777095483284949, 0.36260348588374713, 0.6738362090565158, 0.09581968842036281, 0.56351911260921)"
95,"(0.7140748809110825, 0.9507706627573251, 0.011228214024313954, 0.7349539456802735, 0.1568367994067862, 0.9005346989947158, 0.4045312677361175, 0.7883252869581171, 0.9627130537729209, 0.09059038940591435)"
96,"(0.8725704506836487, 0.3950822651041961, 0.816172425711485, 0.16848589494822885, 0.7525692526865846, 0.4406129312825622, 0.09971991372713229, 0.5230692204614844, 0.8485445568005029, 0.48109328231021964)"
97,"(0.0415449525781606, 0.3407050863552451, 0.8334239867733517, 0.32191568123386416, 0.12489794907766172, 0.9853672251318709, 0.3765806333311952, 0.18372520797459968, 0.9095957703471174, 0.7832706567159441)"
98,"(0.6463202630295015, 0.5459644582474636, 0.1002439503966357, 0.035233457142066604, 0.4560824585801999, 0.6764262792715381, 0.1864592628883902, 0.3218374208100233, 0.6210064284141741, 0.11928751299196794)"
99,"(0.815562077946597, 0.7311698498751353, 0.21228303403822746, 0.3848291893722313, 0.1572789690566343, 0.42142536915092976, 0.2924441835525424, 0.31190617803735043, 0.9200650765641262, 0.6291156813246067)"
100,"(0.44077323756961595, 0.38902634074538456, 0.08093886458015398, 0.9490379399670542, 0.07619727718067903, 0.15334341663470574, 0.30341214800506267, 0.49613641237140804, 0.04521284740954101, 0.8881568187919602)"
101,"(0.5020752125479564, 0.3151753270924369, 0.5181083406246643, 0.3457401979723699, 0.6651423536408299, 0.35012764540029284, 0.41891524477149633, 0.4584034639915927, 0.6143431578490167, 0.7325263524367703)"
102,"(0.8741558897875961, 0.5058944022473584, 0.33298052092972286, 0.7675303419277616, 0.6008950046888637, 0.9602400350242989, 0.6317258590514339, 0.3075107263237342, 0.5502668900406926, 0.23214627129647447)"
103,"(0.8065561642756099, 0.2699943248724397, 0.931625719304569, 0.22125109480387728, 0.7818989543212034, 0.8303939142540343, 0.9929064532881855, 0.0384904928289308, 0.5059541599855777, 0.8019144987465102)"
104,"(0.018999186491570286, 0.5515995797116329, 0.2300698808339784, 0.85267242904603, 0.15314505048800864, 0.1050466079524851, 0.6518210827682684, 0.849792002663397, 0.8792630510171445, 0.60069097913334)"
105,"(0.999998531445867, 0.8274720030577677, 0.19260071548195523, 0.6282252565817098, 0.1806156793114, 0.5111336071829717, 0.48304970471495434, 0.7531742020582047, 0.49018180060739647, 0.3409711930244492)"
106,"(0.025874893702822477, 0.3244077894814774, 0.1082397029685197, 0.8340297069499688, 0.6768967626392931, 0.19411918361270497, 0.5879161349658563, 0.31747499145749036, 0.11665602922319684, 0.5982520568668231)"
107,"(0.2856752342778095, 0.836137987042815, 0.5745179790552055, 0.7431191561517354, 0.19288803681578326, 0.9647035992523294, 0.23940424276342565, 0.762800811401861, 0.5337822683866951, 0.3680016087559014)"
108,"(0.11224638574388646, 0.4663710313403352, 0.47730201737520983, 0.46682351644470865, 0.9845315944286932, 0.8761605163407723, 0.5649153466934776, 0.08425256563486128, 0.858063474580928, 0.8454832418824076)"
109,"(0.07691528969795647, 0.3903289307876112, 0.9815616142624524, 0.7933948763171691, 0.1950669597806748, 0.6607763539425445, 0.342344695631577, 0.14627405861775367, 0.09068719470205522, 0.6640766831228668)"
110,"(0.15324605473403252, 0.08190840365609442, 0.10401847207681492, 0.39672439148727623, 0.5714706871341128, 0.9309353504325737, 0.2585521652214724, 0.9896545337504908, 0.7691067825375407, 0.2921930416685271)"
111,"(0.18024921116570713, 0.8649955524110232, 0.06924401962647708, 0.16969433255354016, 0.18199532010155828, 0.9538873655127155, 0.6877628827402082, 0.9813384667403688, 0.27674176286912644, 0.8107465696584044)"
112,"(0.9170599071934531, 0.6687643833530384, 0.5588058271509585, 0.9687313820756314, 0.49585527517459005, 0.2810159431526018, 0.5281493610927335, 0.5395602147547942, 0.809058091440986, 0.27855855378358096)"
113,"(0.14627754338866905, 0.43704917072141547, 0.44154115625734514, 0.8403418500060229, 0.19679875992310292, 0.727404030954296, 0.11794392375491825, 0.6507915598510078, 0.5098737397065943, 0.6014007327707316)"
114,"(0.9837943281031332, 0.7085643459263968, 0.9241977865731542, 0.39916529372270926, 0.5588648669185204, 0.8537986668747672, 0.03293322512443042, 0.39014836963830535, 0.29634771588055264, 0.8881646397637248)"
115,"(0.5915635011225511, 0.4289193294710564, 0.9432516987363386, 0.06301198080891757, 0.19186100645041815, 0.35485899619120975, 0.22062531363335292, 0.3726974072825818, 0.000911783739218408, 0.8937181473014031)"
116,"(0.11331942936957373, 0.40035304775447744, 0.12302366688739297, 0.4167171367375342, 0.16203788826512977, 0.6012616903999055, 0.23766289027756493, 0.5286921213365684, 0.1044797901376181, 0.1417654834037445)"
117,"(0.7128760612031192, 0.6494487852020024, 0.28173924605667844, 0.004938536720459408, 0.2720047611012504, 0.4460622168209779, 0.33906044043903205, 0.8219418664726622, 0.6048625194141886, 0.260194188447203)"
118,"(0.42885855151781915, 0.08024998463101751, 0.19726086797828812, 0.8409303823661004, 0.005297203840314402, 0.03431828598440689, 0.9928423048688857, 0.42968851902250216, 0.23527429205563177, 0.4899853515618161)"
119,"(0.2988705958146223, 0.726840747747854, 0.1696250897092364, 0.2932826146239531, 0.12896809412215593, 0.1481049976444616, 0.5621084591659316, 0.9500116740341841, 0.12683164317459594, 0.01601926178772517)"
120,"(0.06093587739719053, 0.2924651311205463, 0.6744713482306737, 0.3167627709128584, 0.6472188146930193, 0.364855565901671, 0.13015529196175668, 0.49510520036714245, 0.3533255584745135, 0.7023508906074754)"
121,"(0.20372356760586408, 0.047390313004940565, 0.8797012813049645, 0.013621470886886589, 0.5063725592588079, 0.18439208373584082, 0.07476772256884012, 0.14360443098053932, 0.6612817471491721, 0.2830486346308494)"
122,"(0.9200977214808264, 0.44571228957365094, 0.09138831733633312, 0.2876427119092174, 0.40596733998393486, 0.1956703482989206, 0.4968766772876674, 0.11039728436014828, 0.07375332821644476, 0.9098832512138946)"
123,"(0.4403895491550378, 0.42308021224354975, 0.28388515472164877, 0.012833100486483784, 0.947832467353042, 0.26198791384041, 0.194145737228551, 0.6812297245575039, 0.8045803197952015, 0.8162442804469964)"
124,"(0.1015067647261243, 0.33293366769059396, 0.44317394457935266, 0.6630179191908104, 0.4228153574072533, 0.45899850906329054, 0.266790804429894, 0.37864123335369126, 0.9312073970016804, 0.4326167992901945)"
125,"(0.4612670015449075, 0.41080831441791865, 0.9315164791072941, 0.472673730047915, 0.853082008271475, 0.21373419519043624, 0.9284475488825742, 0.4227738931675954, 0.48702521206643823, 0.3859919492862839)"
126,"(0.6542772621183073, 0.7791840401342698, 0.40070073493727254, 0.6273684861210335, 0.30582480500085474, 0.7362398125509211, 0.18223074096167613, 0.06358294188882418, 0.5585201475354502, 0.8027671659211267)"
127,"(0.15957854448557784, 0.8682163212975097, 0.7471979457473139, 0.934599161328169, 0.23581594318195787, 0.08061873587381663, 0.5069911487515867, 0.988025329632233, 0.626193638768782, 0.3642504386984591)"
128,"(0.3280246124692632, 0.9469855546701518, 0.8579852983141855, 0.6006368702814822, 0.3387178722017278, 0.2592832553721609, 0.6860281487647812, 0.06221996186640788, 0.857698002307666, 0.32560435674236177)"
129,"(0.8991647665381693, 0.5482442896397189, 0.11749774760787934, 0.8663710669759106, 0.8358121621148362, 0.6303793929947679, 0.6817211436401459, 0.9629234768244139, 0.9770078509912113, 0.6869514728579021)"
130,"(0.3072345219386722, 0.8639105161967162, 0.7325305955564477, 0.38372713337593944, 0.5968122919054208, 0.47795781298294016, 0.5725794194817765, 0.4975653182759373, 0.4248614154718564, 0.7532033450493675)"
131,"(0.44723599023265104, 0.24309516259573494, 0.5877587725418328, 0.39792178429491865, 0.3511194938657699, 0.8714221270603568, 0.8755212448958052, 0.8516961451436501, 0.06980285906092976, 0.11172025601685642)"
132,"(0.27718904128016386, 0.25290696904936827, 0.38694512106701295, 0.5913039218373404, 0.6048165504884507, 0.3047058189439792, 0.07993046735218656, 0.0363939294704998, 0.24176437095900827, 0.1477773185516601)"
133,"(0.6371217263759398, 0.564020806900272, 0.9752703807735624, 0.4583466275130986, 0.632630868747651, 0.6134467872244507, 0.8755018104286807, 0.8765206135872657, 0.9207246227691777, 0.7187678695755415)"
134,"(0.8012541423910954, 0.4323710948635382, 0.8259364418751233, 0.33430615122136254, 0.9348154090918797, 0.024370493393946258, 0.6191074041764993, 0.6601296342974616, 0.16577130817858376, 0.8276656310277167)"
135,"(0.9212415010066893, 0.08650025995465072, 0.5022620425895675, 0.6095228936685274, 0.6145675472874725, 0.7816513480043976, 0.8620840070627391, 0.32710371073724687, 0.23758042613751662, 0.0312555887078485)"
136,"(0.18921335023702246, 0.16023327922752229, 0.3131230715092149, 0.5759418392515784, 0.2835879073762999, 0.907017363461019, 0.032673708209806085, 0.9761166241469366, 0.44769116541139076, 0.9722586361646732)"
137,"(0.5318585193263841, 0.8862097814659358, 0.4432030028930374, 0.3293273284028241, 0.9246862019403305, 0.5228164338934269, 0.26199265291214424, 0.938189190950605, 0.7563212509675725, 0.9835701909607891)"
138,"(0.7444042408774707, 0.2168710386433811, 0.2487987609781438, 0.12445165369190259, 0.8860232805097827, 0.3809397265972676, 0.8537135947868135, 0.42831090232551317, 0.9717871654701654, 0.3886106619110917)"
139,"(0.7460709998511219, 0.29731980345238396, 0.8699463290061422, 0.29983025827741794, 0.9566360379737958, 0.4395374497809421, 0.6150984785713457, 0.7161166397750234, 0.9672202165473726, 0.12810647503713302)"
140,"(0.06428775287619104, 0.4541884292054763, 0.594974141228663, 0.18779883561807142, 0.3094650445067193, 0.30685255769136155, 0.023391475217415025, 0.06434480394262032, 0.23238954197367678, 0.5425022941315061)"
141,"(0.36381519340283974, 0.42459730829002107, 0.6677137193859266, 0.9080203856872452, 0.15872374246357435, 0.3377288391245661, 0.6666767295139222, 0.5343863791938871, 0.07862239864104059, 0.9573246811570045)"
142,"(0.47862143898192244, 0.06063287764883485, 0.16641323540472808, 0.9317955490974755, 0.19993432365195407, 0.9267647781999263, 0.8959842227876209, 0.7575750255080034, 0.2511458593935104, 0.1329572395489962)"
143,"(0.715525714559393, 0.5984081417063538, 0.4624112231030867, 0.21862429402336914, 0.20420093279660279, 0.7336892848729781, 0.974527521212548, 0.5290755817857608, 0.002925847467359688, 0.9195598179489973)"
144,"(0.846553507097281, 0.4104970740621965, 0.7503909638415431, 0.6126745990098105, 0.8064984102864632, 0.7580456616993736, 0.07870992644252806, 0.02709618801024194, 0.6258329199573465, 0.4415709298008397)"
145,"(0.06385169192198004, 0.09734397873548106, 0.9221742332794199, 0.4990904483013523, 0.09432435068698164, 0.5954684591032812, 0.8473431420797171, 0.7635042094750758, 0.009997714982685202, 0.7014695376781103)"
146,"(0.5099105223871471, 0.03020829430037897, 0.9266272980581957, 0.7162254643616613, 0.7739257332023185, 0.6625177106393325, 0.7759250310963086, 0.24477182648245654, 0.561281532481149, 0.9145720188123981)"
147,"(0.014009350469796122, 0.1561995908493915, 0.9595147833726311, 0.4554445838209732, 0.11712044231806373, 0.5865448915349898, 0.13834207194976078, 0.5689913702277415, 0.5263697855047215, 0.3384906992402199)"
148,"(0.9566408900035644, 0.5809642505057941, 0.8724514498942223, 0.39115604804172655, 0.04164396711869567, 0.3089800841821262, 0.8477855711953138, 0.0993237654410114, 0.3482138786002791, 0.8316003645371126)"
149,"(0.3015896322345921, 0.9160207787953353, 0.6121464773982971, 0.6622873264331525, 0.1504776201336434, 0.39582820507915173, 0.45993960933448486, 0.9783909084711283, 0.1347368631051009, 0.5202139069026557)"
150,"(0.8539348704099716, 0.61799195589618, 0.8390606258749147, 0.018234132660744584, 0.8634485137370588, 0.40458102500178716, 0.17282371227265214, 0.144803019589956, 0.6729212617726954, 0.5351398012832815)"
151,"(0.8945688865332317, 0.9992624093264746, 0.1333027747294414, 0.5202185539199644, 0.8441757471859965, 0.41375030376977695, 0.9678769769246108, 0.16310322456929727, 0.16794183097449233, 0.3560159168187882)"
152,"(0.48200385050926176, 0.07877263627116704, 0.3662476140471096, 0.9710456453425212, 0.4012449604761209, 0.688582666374767, 0.7171151356442702, 0.6716842888334915, 0.8081579999959257, 0.10776518301589388)"
153,"(0.6428055915597786, 0.7116718904704249, 0.8952220709265113, 0.7256277472694873, 0.5728461786075453, 0.7626760260622625, 0.4626144279173944, 0.3172657672417811, 0.36385762740912775, 0.8246294423325452)"
154,"(0.952364738067098, 0.0660431778104037, 0.9111218030609366, 0.3872561039049467, 0.5448131257698662, 0.07798371336448906, 0.2938902251421517, 0.34879991105780006, 0.9395465755316575, 0.8281312946522377)"
155,"(0.02168485004758769, 0.5240022369980688, 0.6524407879516845, 0.6425152849468031, 0.6422957697577769, 0.842328572460796, 0.4826202393271387, 0.15228021704249595, 0.5620255119980192, 0.5531899028667373)"
156,"(0.20643417266419828, 0.4870857894741185, 0.721556046575513, 0.9332471041907179, 0.7596685297599133, 0.031160982443825036, 0.3792262745687892, 0.1281689337489399, 0.04925522793671888, 0.9145918476784204)"
157,"(0.5540828575987811, 0.38976148310458514, 0.49815664677583815, 0.11046137641282505, 0.9913738122867342, 0.6267156979018714, 0.8486005540984678, 0.669828586611025, 0.9606218705153216, 0.40262194221568726)"
158,"(0.7714074116970009, 0.09631905457907652, 0.6912452288007772, 0.8623618957659973, 0.43384070780752604, 0.5801831362222585, 0.20960434165557662, 0.05302244502437892, 0.1799970174708463, 0.12706049886960735)"
159,"(0.14473583178273008, 0.6154572312680483, 0.08295981422183363, 0.1032357654980055, 0.39561138466220536, 0.030930771391199485, 0.7917389811569164, 0.6550713978823336, 0.15850947642213575, 0.4832634151130317)"
160,"(0.5071872720760697, 0.534397217754804, 0.1429517622769505, 0.5240455314847748, 0.4368118276249343, 0.421796931914579, 0.7293082214699919, 0.43296980185765055, 0.6329320456630925, 0.3693990792308979)"
161,"(0.5278553818167638, 0.926468456258749, 0.16077664916418455, 0.133381307313285, 0.2193210870167207, 0.8202239231277355, 0.14528121907504143, 0.015394007446275837, 0.7907077317957086, 0.5228739771819937)"
162,"(0.14608016841491434, 0.6183925797722487, 0.32222362725947784, 0.7188127346535989, 0.010379578453673544, 0.6779214642176243, 0.3738948041430945, 0.3470679358153572, 0.7771964279628488, 0.2687876400200788)"
163,"(0.15254855699953995, 0.6138537135396572, 0.09960864824572824, 0.23005598230400748, 0.1201219591164211, 0.2904871383014527, 0.348318454019268, 0.6583999557390493, 0.7290818751345175, 0.7772327453035667)"
164,"(0.873733882640086, 0.7630949380941253, 0.9208486418515424, 0.9018499141380271, 0.42516359554245975, 0.05177936992078691, 0.23635838872736115, 0.21636479843070255, 0.9423258579680358, 0.7707050450400943)"
165,"(0.9506392238646492, 0.9533804615151483, 0.899458285086768, 0.7093529503662946, 0.9911937389542068, 0.10462045075819482, 0.26350840754283855, 0.1683313060140207, 0.5000984930938427, 0.4593009883952517)"
166,"(0.23121105359217387, 0.5063033211512671, 0.5027557721385987, 0.13812510739763373, 0.42756080694495424, 0.258486181519606, 0.7716222250111163, 0.4583733376407666, 0.7087954479582701, 0.011299078085982628)"
167,"(0.13742334174579696, 0.8333924816904162, 0.4681212056631726, 0.6733415289194147, 0.998093704357877, 0.47702964748769516, 0.9395968562580727, 0.7339682178296525, 0.9401740185740494, 0.9280888253543921)"
168,"(0.2106916443268142, 0.6308265742448445, 0.9193300461989643, 0.5313641868254964, 0.7296256091664767, 0.6851444920511713, 0.445381962751204, 0.8163958000766889, 0.9576825460276769, 0.3680739707799249)"
169,"(0.4447410643460976, 0.7138293707589255, 0.6524919720068931, 0.5995465624267338, 0.39178344594021264, 0.7760429905435831, 0.9238427189110616, 0.4484936394510659, 0.6778047959565494, 0.27432576724133084)"
170,"(0.17425281484137045, 0.8359741175389644, 0.42168883991909245, 0.018137535881289413, 0.33033181600735007, 0.9621162691712482, 0.45643216530642383, 0.6782031906916827, 0.5780924307411298, 0.7223215189223207)"
171,"(0.7820326127320822, 0.6842271964140851, 0.16828488579167555, 0.34242375959165117, 0.4692412230408727, 0.3338734777158986, 0.8457340442971348, 0.2504509807608205, 0.366873779717687, 0.7419824269713372)"
172,"(0.814654379721374, 0.1274554649833074, 0.3905538607119451, 0.3821090969872364, 0.43429773651690184, 0.24661791514100928, 0.30060895654925746, 0.9898251200358102, 0.4330909139961082, 0.9173399443722601)"
173,"(0.6311872556546467, 0.6744696674664923, 0.3015745012741049, 0.06237498002223929, 0.24369127929800805, 0.4818165143368417, 0.22826084902986088, 0.013527232646817211, 0.674297830902871, 0.9901534771600847)"
174,"(0.7640601298707234, 0.7015834649495792, 0.4544899834882268, 0.6442189450352269, 0.18169087915021398, 0.1876465532526328, 0.8532584694451507, 0.2792907317756257, 0.7145809278984635, 0.31284162319015973)"
175,"(0.962863534847888, 0.2879149802292329, 0.42477727294610235, 0.4309856298995991, 0.22516132073260675, 0.8555560249999088, 0.4160848284734423, 0.05772845824016504, 0.16521548254928575, 0.3960309152984257)"
176,"(0.40478940147373177, 0.4087753504833037, 0.44237256370859457, 0.967002042634388, 0.5565007442870191, 0.9072808569022808, 0.3722749602160469, 0.7064021909316462, 0.4622053431446016, 0.15261975646028125)"
177,"(0.22737084032450405, 0.16144638881217566, 0.7403187842140851, 0.694753883038774, 0.5636405771189728, 0.10607549473714306, 0.7849237320030911, 0.7748493592567165, 0.04675038143167132, 0.7610468963064594)"
178,"(0.7607441317358838, 0.9917503435760757, 0.6619301989579486, 0.4058499689111772, 0.24670001505889994, 0.31561488229970813, 0.6009111425195525, 0.30768682626488075, 0.16094543635940373, 0.7550555683453576)"
179,"(0.4658335358878908, 0.17045140682919724, 0.23648436433758424, 0.08695160161481463, 0.8264888316592865, 0.09244161718494004, 0.10066254674593456, 0.8338743976946015, 0.07879879736204776, 0.7268577419476029)"
180,"(0.4568294836041885, 0.26601177678098553, 0.973450792240995, 0.7704141541143514, 0.9011118274429084, 0.9311013294360815, 0.37329262129153684, 0.24383383045280604, 0.8442762895095983, 0.7235697945758155)"
181,"(0.46262860343217016, 0.3679453595744986, 0.45295312067245286, 0.3825888523448894, 0.8685080773807998, 0.8100123748705323, 0.1709201731483987, 0.7226766727266148, 0.03963704146164948, 0.8821590211680289)"
182,"(0.7160898578563669, 0.15073322172398362, 0.7678907382635932, 0.19450803603285782, 0.35088415748022683, 0.5690678211840041, 0.7246267971045062, 0.41493227737415705, 0.8578793728977049, 0.4790750962801673)"
183,"(0.3497078764261753, 0.38939802269116286, 0.9734152262509342, 0.745301277618734, 0.530586529894528, 0.7595681820369037, 0.7317585200101141, 0.1413428569308821, 0.7655803483909821, 0.5731316101726098)"
184,"(0.4114759569080665, 0.14823703769609098, 0.44452852861849834, 0.06159022830576877, 0.4028153251199731, 0.06866193861671743, 0.552631489382884, 0.582335069720374, 0.02349935303790418, 0.3183882130700273)"
185,"(0.1588310337143911, 0.45625733936025625, 0.9420034186804299, 0.1950040821210538, 0.3776854849592868, 0.9394141411469386, 0.6448840128266435, 0.13082838543161757, 0.1045869957802138, 0.9592674411434144)"
186,"(0.38648393858930663, 0.5655381746479774, 0.25015123734655875, 0.6648294196251708, 0.2519902535463233, 0.264245949575838, 0.32662768760349015, 0.9745561464419162, 0.40415937225057597, 0.8775344175207916)"
187,"(0.04081357794949392, 0.5692972540278275, 0.3509133902353737, 0.44162405251784165, 0.5340287114698382, 0.6578080534598357, 0.557298635792623, 0.8975634283744337, 0.2986104829808389, 0.21078394868243155)"
188,"(0.8483219157200956, 0.9090192256889721, 0.2739904644461276, 0.3640330504481464, 0.7644137796846717, 0.5172290639199065, 0.18207467325389215, 0.5057944295195977, 0.7821603750012408, 0.5858763028518494)"
189,"(0.16235301400030833, 0.12910938892262258, 0.18371682994399796, 0.5421916074520435, 0.020347430097025332, 0.42313492543329934, 0.7524558110326566, 0.4014553728745067, 0.8922482086297988, 0.581830469169095)"
190,"(0.9988075962164205, 0.15596499194226998, 0.08133602122914707, 0.48592984504259795, 0.8038864729577699, 0.8634303808353682, 0.30987298433525534, 0.4252196788698347, 0.47826738821365156, 0.34116843327055224)"
191,"(0.6812813629059018, 0.5273017013369338, 0.7410372919709364, 0.2064155657017327, 0.18822649615540665, 0.5977272008697739, 0.12769913964334956, 0.21226274135627865, 0.5870579051595028, 0.3280977964321369)"
192,"(0.9130757163242053, 0.3929662756065746, 0.10080158551763296, 0.8154879198798942, 0.5903679762204729, 0.7628006351735093, 0.905616309532439, 0.028756333160890213, 0.1336669531988237, 0.048976773596989265)"
193,"(0.47973734398790024, 0.370376442835344, 0.8849387501336041, 0.0628761042349264, 0.8371581638953758, 0.6597053956338562, 0.41330915121580425, 0.771964332928668, 0.1540496093569983, 0.8196595537996114)"
194,"(0.054201284531362415, 0.005517202622730699, 0.018739459183580554, 0.2709206380762136, 0.8427466434834732, 0.1626072244486223, 0.8321083668626469, 0.652139161010864, 0.029738015095063686, 0.8151888337517411)"
195,"(0.8897392283485575, 0.3025305182515592, 0.19539228946041853, 0.5340424671070731, 0.7739409392778687, 0.6889507285993672, 0.08877061081623183, 0.5121567558657667, 0.7430377449471421, 0.8363376260427609)"
196,"(0.6084032750772771, 0.8116183362547292, 0.31048914606956435, 0.5096477453240438, 0.24579468690216055, 0.683369450682924, 0.19813027488417234, 0.28505231214998095, 0.3255615047228899, 0.6451538035355429)"
197,"(0.29130510949963184, 0.907404005944069, 0.8883701381214038, 0.08101516000757225, 0.4316084748306288, 0.17141587542239234, 0.6098003486329837, 0.010702933507647283, 0.3659242361167334, 0.04884361388423175)"
198,"(0.15179020268078447, 0.36211828835829885, 0.07394878817208284, 0.2986022136867076, 0.21146977550584556, 0.23558647131645005, 0.2835866170493415, 0.1429353822550562, 0.9345631795514843, 0.860975309463461)"
199,"(0.6739492406013418, 0.1140143295410373, 0.4261689945106776, 0.18250929592830878, 0.9545522172702843, 0.4852101768847422, 0.38104554469861884, 0.1970154445154627, 0.6206508077551454, 0.2965470092748489)"
200,"(0.9656533953068389, 0.5360748549476155, 0.08346122431076497, 0.47856590196475035, 0.9591599549367922, 0.9004632023968552, 0.24705551046899754, 0.6922958276608193, 0.3273961506804035, 0.14050279093791673)"
201,"(0.33330998484087504, 0.42081970264165347, 0.5609173285866541, 0.5714392800313967, 0.03953140377716591, 0.6503656308849297, 0.7202778644064739, 0.6726392889587256, 0.8547250524647101, 0.8221435700579447)"
202,"(0.7116521286607149, 0.9324324964685318, 0.4426323435946167, 0.5354243927338542, 0.090083830128464, 0.8801458873827964, 0.7484886502259679, 0.9200887626751956, 0.810247762149094, 0.31862329922248256)"
203,"(0.6653401544782661, 0.3740648767272642, 0.6593096555536917, 0.03335497829148071, 0.1951867168953143, 0.8467588105366907, 0.5267599660670246, 0.49430150805584927, 0.4383789183088914, 0.8239489985004123)"
204,"(0.7614827536580436, 0.337434495162515, 0.20182959747268936, 0.40382366863575525, 0.45645520500376846, 0.4529104688222556, 0.6130623685136727, 0.3032001407721179, 0.6095332269117595, 0.21101771722233764)"
205,"(0.8907741776942616, 0.6285806059425327, 0.9253719663816948, 0.1197561602821614, 0.9949447340040289, 0.39898122145733095, 0.9301777636818106, 0.2977360875183912, 0.5019623498637374, 0.15842063554360275)"
206,"(0.36320966911501884, 0.048160398395622916, 0.4265022300154778, 0.3217669427615589, 0.8378417540407582, 0.9149910749483846, 0.7675064386347327, 0.09548064800125056, 0.4165247152070001, 0.6568202209575074)"
207,"(0.7221396583854546, 0.9757447015606139, 0.4678879372659015, 0.20485240814060257, 0.4462563436386586, 0.5648385962003506, 0.5364688722949832, 0.17150650776193666, 0.24523227174738937, 0.3960690257896453)"
208,"(0.037899049695971354, 0.4532583031983354, 0.5272166324302602, 0.2607650625365514, 0.9252419550634639, 0.18233908143496957, 0.4010743600977371, 0.7498254954118554, 0.9627155772577123, 0.33056467084924934)"
209,"(0.7737019539721051, 0.8288429472027038, 0.8094187302031308, 0.6135723523112148, 0.5074157354662748, 0.9569778327983424, 0.25030926143172594, 0.5171469021707527, 0.865026536473651, 0.2150692091385652)"
210,"(0.7879360163494559, 0.8661871305923707, 0.7113541637310428, 0.7801519650515614, 0.7092197549726156, 0.3314707638317318, 0.7371553095635069, 0.9218033948321926, 0.7667891057667899, 0.7122607974951509)"
211,"(0.5572230263087881, 0.7567673710218017, 0.2249890999655042, 0.9150268081637459, 0.9799932196406234, 0.26275590955471895, 0.6905201513558941, 0.7805103640412032, 0.8206154972493347, 0.10729761861033404)"
212,"(0.6431904080623394, 0.20946499765791837, 0.4164562814738746, 0.6609226991951079, 0.1481868165286736, 0.5475046470500652, 0.10981148847900224, 0.8415986457152147, 0.3109744883497213, 0.8602656528184652)"
213,"(0.08794088202095274, 0.16923749792219767, 0.9698777650646522, 0.27758854983408254, 0.2147463012609917, 0.4685272582717471, 0.23969754156469958, 0.7518499637347924, 0.4058788349913727, 0.32876721337922243)"
214,"(0.8539399171710097, 0.3409693312085994, 0.9927512296513835, 0.14059802876900296, 0.18429151085383633, 0.5617959757861081, 0.4735739566854996, 0.4155639334861614, 0.2599783463595514, 0.7045423197988113)"
215,"(0.6956069478291677, 0.35977017819458457, 0.9042199967992445, 0.5553291443475289, 0.28517785967149456, 0.28439130576707805, 0.25004565416326996, 0.8494932029869804, 0.5392541479866783, 0.6822561007482166)"
216,"(0.9858425473483529, 0.5791568375147641, 0.21177006649555608, 0.813479564781849, 0.22250848990091232, 0.7410777940186575, 0.271352907111718, 0.09129421618155842, 0.2564394683447744, 0.5331067293867849)"
217,"(0.8305160201883003, 0.8852519952162441, 0.3058478788111253, 0.5553815300491094, 0.25617994450636916, 0.16763164567852462, 0.8285761235796368, 0.4358019481950771, 0.4422440930528242, 0.26151608025713136)"
218,"(0.00044184800675273195, 0.5241113344561781, 0.7814091279045237, 0.19706676940123635, 0.9526969494656528, 0.6392896668314564, 0.848474407543755, 0.8854915172915767, 0.9802223173458967, 0.09912393479018267)"
219,"(0.19968655859976892, 0.3179328598588371, 0.9883663978167554, 0.2708097489446162, 0.23360713772155395, 0.29141796116955, 0.5145613132719019, 0.3419658533456008, 0.4573069945231515, 0.6308720704687024)"
220,"(0.8313017560652228, 0.3544408442614998, 0.9406327944772886, 0.1804702473802352, 0.33434489462623984, 0.10987852529489295, 0.24193352265866086, 0.9423263469825316, 0.7623117979020498, 0.584382166503127)"
221,"(0.5635099870012003, 0.5733710085727493, 0.44662685778889055, 0.1630140519009361, 0.8946203400311641, 0.25087348647219576, 0.41794988612106554, 0.8451152963627627, 0.09058712333364571, 0.7079763671236317)"
222,"(0.5238128675743556, 0.029038401009344073, 0.39575251403479783, 0.8265582283567282, 0.9470602883023043, 0.5284084388048358, 0.293013906982733, 0.9776170638596313, 0.5087625337800558, 0.6130849362778752)"
223,"(0.8499970533425818, 0.213755196663325, 0.8480781264701377, 0.29696947369133087, 0.7169879611239319, 0.0296942261408617, 0.32351066234177683, 0.550630776013884, 0.7129083133121852, 0.9533091587027086)"
224,"(0.9218493953172014, 0.4795743886730276, 0.0005703041799214326, 0.6987041285106335, 0.8111305602425791, 0.9233032406846792, 0.7982180013773047, 0.7664109857970972, 0.45343783656750747, 0.5037596079542473)"
225,"(0.35583964076065455, 0.8173103610228362, 0.15642260872220903, 0.8336121345792531, 0.13616749817807938, 0.7491316405261188, 0.7862728460157349, 0.03225846000428556, 0.9698545215933899, 0.006428898248725279)"
226,"(0.38121212111815617, 0.6132829919135963, 0.789659923291956, 0.08521842851342853, 0.12178813833200641, 0.18945627971586165, 0.31478254299040553, 0.589171038024938, 0.9527118834491823, 0.8934374863860156)"
227,"(0.17206855921789455, 0.5498945689886189, 0.34411413611802777, 0.7305735285354753, 0.8573852289759051, 0.20275516902370883, 0.647159864613816, 0.5744999328848214, 0.32410143748650666, 0.9943204455649367)"
228,"(0.9307476470683207, 0.5439235623382007, 0.06801089673212746, 0.7866195273873537, 0.10201601302316055, 0.604301059938202, 0.9715783405939493, 0.9905976965878167, 0.9473817189507218, 0.11814135826430239)"
229,"(0.7245840362225813, 0.04290295060436211, 0.8183674228244018, 0.7812003437630063, 0.7305989928548177, 0.6822369272776154, 0.25893456724199515, 0.5990381938653416, 0.5346849965707722, 0.3811089680895664)"
230,"(0.26661985536665334, 0.6502820331317021, 0.20740009351746969, 0.9713709032745259, 0.6307435852581165, 0.19648353125216766, 0.3986536390746306, 0.442413933241106, 0.42862987733468916, 0.7482249495532916)"
231,"(0.4604841361677505, 0.9432635043765808, 0.6602822781665515, 0.4077412982570947, 0.6596354834634774, 0.11125128146776586, 0.8465612597687773, 0.5882932662840152, 0.45643863332687695, 0.16921820400200027)"
232,"(0.29568463935142464, 0.9647057930089656, 0.27390112410858225, 0.7399332828170901, 0.2638578349539088, 0.7058227825047514, 0.6575106869951339, 0.37633218322800654, 0.35713102916406314, 0.5436151819209536)"
233,"(0.8707612883129652, 0.8958038234454894, 0.14347097638369877, 0.5755352137198824, 0.28505229458693127, 0.8985294918615909, 0.9043399663234056, 0.6654530880218923, 0.8659120256491096, 0.4276477216765595)"
234,"(0.548222297091418, 0.8558622303676485, 0.6337270523989075, 0.6767661491929714, 0.08036519429380429, 0.4950985104096681, 0.8611797165969789, 0.6787175713018903, 0.20576958519012034, 0.5402019410257023)"
235,"(0.17227279943810925, 0.08906188109293467, 0.5915612021490882, 0.4400381959497388, 0.6566316094957129, 0.6491016808119586, 0.26525727365117624, 0.6622693437189593, 0.14008234070052694, 0.58459802674413)"
236,"(0.4520545732234389, 0.4950487005992513, 0.5924365676302432, 0.21853929719485565, 0.1625591236821775, 0.22218761117063757, 0.6596170593692317, 0.8796036668215984, 0.874108235391946, 0.7300994875428998)"
237,"(0.49182982656659013, 0.21060429727670726, 0.15597310218786709, 0.5463296154407891, 0.6298521711377559, 0.5723977475954201, 0.3382957338571284, 0.9702742119526329, 0.8391010085621411, 0.4667956633271424)"
238,"(0.5319513857249366, 0.026636943749361874, 0.7955946905215027, 0.52639532967273, 0.8647558199102299, 0.4766253587237461, 0.22555830339833238, 0.372097159639481, 0.8575939578295126, 0.3992781380178072)"
239,"(0.1281781071333571, 0.24201961093452906, 0.3262389597707571, 0.038461571043185705, 0.278991980681619, 0.7776492972069088, 0.9370627479411818, 0.4280402114635925, 0.2915162682915029, 0.5636431830447288)"
240,"(0.22012688288097493, 0.36019646503492797, 0.974447971544498, 0.6760897917051407, 0.7380106219664038, 0.16013624181105401, 0.9894835345499878, 0.17206319249766178, 0.9542216772036304, 0.3152853594465084)"
241,"(0.6769627247052146, 0.3169241763218793, 0.029509721272202638, 0.942122741623882, 0.902600564821625, 0.4173873644369531, 0.9147095090340276, 0.7541121707057276, 0.08349476638910458, 0.6219023496807647)"
242,"(0.7246744287980034, 0.7602666839690081, 0.7140492751794607, 0.9726848591525303, 0.5269600701764148, 0.8517285648435717, 0.4850664021102178, 0.14296443862489627, 0.5903130722546845, 0.3935499729028499)"
243,"(0.3480322673055313, 0.20136596381454241, 0.13877182832987633, 0.09776916897909516, 0.5107896953049004, 0.16592829475656945, 0.9793942436946452, 0.1432848753716809, 0.35422749601802517, 0.8313699144995186)"
244,"(0.12115443143457139, 0.2551027617506383, 0.9527027020548876, 0.15496931628812938, 0.7159940451091944, 0.8916346480987843, 0.9432530136090918, 0.8636284036449914, 0.3657375247841792, 0.9114929290424597)"
245,"(0.6651605290500738, 0.4734332224366945, 0.06629127025501724, 0.5334420110377806, 0.9240182979343128, 0.7723753994386684, 0.9141753248690626, 0.8147150543677406, 0.8628065814035416, 0.27361416546122874)"
246,"(0.45216769173121263, 0.6672004754851156, 0.9457884539678659, 0.4210299018912288, 0.775588013428724, 0.5137916770823445, 0.8994858542387891, 0.3176956423640105, 0.6217725221782767, 0.0818394591686259)"
247,"(0.8417711748515941, 0.4700984498566029, 0.4672870998784737, 0.2625338427137781, 0.5492179128315497, 0.5874069861199596, 0.8144386400302117, 0.09037405153215095, 0.012503754413449308, 0.28632225333239925)"
248,"(0.7717459315501329, 0.26779050195304277, 0.0050410548329449245, 0.8198287485763301, 0.49730162753794926, 0.36894284700445534, 0.29804800661117903, 0.517294912975592, 0.6455104581039174, 0.9781793965070689)"
249,"(0.8998414725891958, 0.08934633618402421, 0.5835762273394528, 0.7176465132842055, 0.6014338089075222, 0.02627482132006842, 0.5293361507864498, 0.04625524315955076, 0.5050777469226907, 0.2562034786170152)"
250,"(0.9390546015782861, 0.4716488796683048, 0.0031034310287750833, 0.7739024688802875, 0.40331426043877305, 0.24270739452620127, 0.7299441328470085, 0.9209871463269849, 0.5797062738727232, 0.2660702257092017)"
251,"(0.9727860377552273, 0.4868887851177033, 0.01504182282033073, 0.57887842428564, 0.14436474925281095, 0.48876932409061946, 0.9812376222064751, 0.29238599676543386, 0.8910065921548459, 0.3784054367294437)"
252,"(0.8387683857889515, 0.14227734126369718, 0.6307845274299068, 0.3999418919676564, 0.8497422421250654, 0.5146590852841479, 0.5312969772776122, 0.7069427139253887, 0.04322734682999951, 0.4419520108699607)"
253,"(0.05625352413060347, 0.21905577506984664, 0.9995563029460878, 0.88639798115338, 0.7375170903090214, 0.030545192251020814, 0.8071108236275095, 0.020779839803606093, 0.785729088946364, 0.2409925716532787)"
254,"(0.9386678951177132, 0.21880159775987384, 0.45516622615674396, 0.3398038968164928, 0.2554158318045753, 0.20786815751892962, 0.212052559340978, 0.9287964921903024, 0.8827608285750711, 0.9256388625306969)"
255,"(0.19602464075300585, 0.1384194595533449, 0.7566146553959066, 0.7312149093573385, 0.12870821699671464, 0.7475207926534437, 0.39401663002683895, 0.35229481408183716, 0.3831745185480737, 0.7416858930347828)"
256,"(0.6604138209361944, 0.9806747468854461, 0.8177554695919187, 0.9993662976173726, 0.7735919180219616, 0.2346395589919732, 0.9100547824178319, 0.8660426955799679, 0.8519772600147898, 0.14011288899904373)"
257,"(0.42000762179916995, 0.9750691184974072, 0.9119797865300062, 0.30553599438629353, 0.3833589631403804, 0.08961584200715411, 0.11088822924331876, 0.8275889026576143, 0.4842742955271473, 0.8871343276954019)"
258,"(0.5924704253160988, 0.8974535708554523, 0.25426035848300776, 0.7367036395235427, 0.45325799642314735, 0.5930994556463025, 0.907296158207768, 0.07932675100844788, 0.9492921547200327, 0.5852390457919534)"
259,"(0.8789486256918569, 0.24102017450978674, 0.37861874998600875, 0.7657827029479787, 0.5699477956326832, 0.04321218901143109, 0.2576217879324101, 0.15127799304792244, 0.3918818597909667, 0.6593938991020237)"
260,"(0.26537070377988725, 0.35588504091215845, 0.16476781487891357, 0.0642240916646819, 0.006333936117017269, 0.10163915281740121, 0.08615465420233315, 0.9147807319217794, 0.5761000158466792, 0.7246307673450275)"
261,"(0.08266681074143811, 0.37512096466561906, 0.10840027575542732, 0.45033715508238215, 0.5194157536062297, 0.15813977185578232, 0.2776552974460279, 0.22665488704422254, 0.6868302210853441, 0.6827067604768753)"
262,"(0.7371537528031769, 0.09298672559560339, 0.5405164092722247, 0.2403569634982976, 0.5851224040311718, 0.5180579882945416, 0.7925511635373613, 0.7001623722931989, 0.1171451785285117, 0.719850383865672)"
263,"(0.30870004178777133, 0.4921723666315567, 0.7931991060617665, 0.4436314200296154, 0.9007798704325183, 0.09977779750431592, 0.8781142969076415, 0.8805941048456132, 0.5349204276579761, 0.33520578449632465)"
264,"(0.31146939565977494, 0.79932348842083, 0.3219106567079537, 0.46634953981624805, 0.285657543309379, 0.2984798439311638, 0.3119730778623686, 0.5848950861025175, 0.29491960053854827, 0.061317512550510656)"
265,"(0.6843538962761812, 0.6866671836371244, 0.47789710662440044, 0.9486075739393572, 0.48414335921042895, 0.3269237601057918, 0.9878193352934336, 0.612221415758414, 0.6562141123833317, 0.32407457863248856)"
266,"(0.99466271814995, 0.2956551221543249, 0.36617407508076616, 0.008290656036646804, 0.7054482066908313, 0.6648313670437566, 0.16308152667852038, 0.1437561362022448, 0.48038746055261816, 0.8710792871951266)"
267,"(0.0033203331417790416, 0.08976490040472107, 0.030032615645666283, 0.8225775811757804, 0.9904815094657797, 0.7010822699419136, 0.9287208690085392, 0.45631889464767694, 0.7125694610177801, 0.06377567460687095)"
268,"(0.7921211688841711, 0.17168841410994462, 0.7448736714903428, 0.43531793765062654, 0.3733259615550908, 0.6324480845990998, 0.6325728540476584, 0.568050492890413, 0.001598595050253837, 0.9931705847150831)"
269,"(0.6255168796225424, 0.08308649508309374, 0.6547308025197016, 0.8698432701606436, 0.8414476890438188, 0.10264677023062296, 0.14442110987291434, 0.7760427883823781, 0.8505688673086208, 0.23824768160652166)"
270,"(0.41647681972017325, 0.516069374995446, 0.5833257352842443, 0.42051608576113797, 0.6890513714817335, 0.8158395498561114, 0.35861016133498824, 0.36907481799292685, 0.5707314767998284, 0.20314077315309864)"
271,"(0.6509244570557725, 0.5947413780361571, 0.4510658803180335, 0.9135436456392959, 0.2063700245876099, 0.23223199986384457, 0.23688261637023766, 0.6942933433826923, 0.6889629809093654, 0.3219899763445492)"
272,"(0.6099203188742387, 0.8977908745528251, 0.4990544810859272, 0.8584182628969319, 0.49030273240253786, 0.4916390922749653, 0.005859496426887989, 0.4417920177219563, 0.9080635052197854, 0.0910246608837667)"
273,"(0.08466923521614955, 0.9697392378922567, 0.5147028311278111, 0.4254777403910336, 0.8015449385436781, 0.6573992705460209, 0.4272481456890521, 0.05834956655993073, 0.7227932963518836, 0.08134660356758106)"
274,"(0.7494831657079813, 0.6574660948971164, 0.845626675540422, 0.4373025084188409, 0.10143118235313009, 0.31310530444568174, 0.5973802177958595, 0.5333593482950636, 0.9200720129162385, 0.5814451931407413)"
275,"(0.8780944662225411, 0.8947685131036731, 0.7140646908546832, 0.6341231886248471, 0.3454659660577847, 0.1585653645913625, 0.07748475294030854, 0.14124894153536038, 0.4527591791176805, 0.9382738861610269)"
276,"(0.9056026991721943, 0.4382969886943404, 0.6394972406616235, 0.5578785779828928, 0.9279122285373403, 0.5719246296077606, 0.11035081227869137, 0.04761559716496544, 0.25316313786938127, 0.6473222534096368)"
277,"(0.33759986603835146, 0.5805823001210937, 0.7641550558206104, 0.4610778748578547, 0.6576520784759511, 0.20726230441784776, 0.7285372293601566, 0.01853242161707247, 0.9919808380961985, 0.3725908313341082)"
278,"(0.47616649906892194, 0.7735218221940778, 0.16679756115830413, 0.6188000870639592, 0.2918840897319016, 0.6294852383711869, 0.7367157215940016, 0.07979219385535274, 0.8340897501637649, 0.40480577433518705)"
279,"(0.7596194023195172, 0.5167261492813884, 0.03745769535370069, 0.9315538727182283, 0.12615045746157316, 0.8820078736712055, 0.36240608881741654, 0.14295558294131983, 0.678810525651883, 0.20553316328754423)"
280,"(0.23101660421608916, 0.1935461997363629, 0.522091404953279, 0.5360503722358763, 0.9211038561606177, 0.23603526449963297, 0.4716187105276338, 0.869956439707326, 0.8446654392693399, 0.8106880707788213)"
281,"(0.8271656066526389, 0.15632472345392057, 0.0704591170106077, 0.7226911139825442, 0.9875338093292179, 0.5443644106189522, 0.4685407087708452, 0.8450404273333988, 0.46095292577579994, 0.5449570595438061)"
282,"(0.05307750892651775, 0.814027680839213, 0.06671636838919281, 0.6034241961570738, 0.6792773799723687, 0.5383629701156714, 0.400436102965112, 0.727783300826988, 0.3043213596004941, 0.3671052539624784)"
283,"(0.7850205444026881, 0.36558727238881517, 0.15844223871414354, 0.8329310475701048, 0.04758301090596051, 0.7893839022727972, 0.04328891994238959, 0.6638898008957476, 0.3052423609603271, 0.00030733553727257945)"
284,"(0.5920355797210288, 0.6897405077844699, 0.023265472434462864, 0.585743659930194, 0.19301603680600843, 0.973837203913524, 0.8461271221115657, 0.6503394758205298, 0.6858914570999082, 0.8187427778731211)"
285,"(0.11830518095660325, 0.9353975055439171, 0.09071443072595253, 0.6854429789339056, 0.9890763265380804, 0.2511758811102134, 0.7900087328201216, 0.8562929062091437, 0.8476670374047561, 0.44871521607247045)"
286,"(0.4298151345912212, 0.36834038350715015, 0.11584200661680744, 0.5474366178194953, 0.3772704954195235, 0.09112480496759223, 0.7317138666779457, 0.8608336448728178, 0.549479299424218, 0.633819987144617)"
287,"(0.8158531097480229, 0.06081880322089783, 0.0074449113775634235, 0.4139139081694042, 0.2653252305724928, 0.14398168757317353, 0.6568074880599722, 0.5539048358266769, 0.0880180519818542, 0.7721475658368836)"
288,"(0.8834719704778169, 0.6489412268574334, 0.04066382614485997, 0.8693400197241761, 0.2310977547417159, 0.265137711526756, 0.8686073591288028, 0.9907124308170147, 0.8554240303444606, 0.21959721961828638)"
289,"(0.35804817583110904, 0.30948759336558285, 0.09966642268111647, 0.6154035981818334, 0.3435111823910856, 0.11518392460740245, 0.28883027299629094, 0.08697817860281876, 0.4559687998855707, 0.3886302885762293)"
290,"(0.4929873132734097, 0.9104627246484446, 0.3653552740786762, 0.6127016286076855, 0.3528293251998402, 0.2297692593650541, 0.9999844561171092, 0.2598172363159985, 0.3503703870056294, 0.4525382598220812)"
291,"(0.8262397254247736, 0.4399063669766746, 0.4907454253263327, 0.24733706822855783, 0.5627288760406182, 0.9772785855728181, 0.3207956202433908, 0.2859889972761678, 0.8311787633412238, 0.49490260063573577)"
292,"(0.42183860735705425, 0.827594553396957, 0.4448424902526652, 0.8171774366158608, 0.1305511607258203, 0.6882478354814286, 0.44457481876792104, 0.9805222494388661, 0.3958703379162053, 0.5363090546995344)"
293,"(0.5097371148928185, 0.9708006154685982, 0.6170677960564419, 0.3035963771829049, 0.8619736446729218, 0.5667577291984733, 0.3677109646688653, 0.28657220203984224, 0.3954415296428617, 0.006648636676832798)"
294,"(0.7223744161189918, 0.010351410803453143, 0.5245338922361754, 0.4872987857941157, 0.16739013629239152, 0.7750534972310027, 0.4757153607804866, 0.8677487140854991, 0.3713156332179889, 0.33917090384649506)"
295,"(0.6442848051686602, 0.6733305684042451, 0.04301149766232182, 0.00405191412873418, 0.8431507584768729, 0.08852285750911393, 0.17584609674903473, 0.8519307428054707, 0.388621092556092, 0.2982574065988278)"
296,"(0.7343963720988852, 0.6979153739003737, 0.976271717349143, 0.9704785354361675, 0.13131603675762615, 0.6260070115707427, 0.7069345204688133, 0.4864459062685065, 0.25952226862027583, 0.6625666098122314)"
297,"(0.19953050537341122, 0.3960518911308045, 0.13706293164091032, 0.3544238129315255, 0.3397776352466565, 0.009621583442156245, 0.32951307647060146, 0.35270095059590756, 0.8354450728441452, 0.6462206432708704)"
298,"(0.40414743340154036, 0.7118448904830793, 0.15125884350629093, 0.6803026913672937, 0.063410680310104, 0.6512881777712269, 0.9243534097323618, 0.3660405705806863, 0.45648934344597114, 0.6278956228536962)"
299,"(0.04729199600428724, 0.9271315130374448, 0.20039550036802, 0.4963492967135511, 0.8570299179091265, 0.47941375702103184, 0.6719522470769099, 0.9958295444590587, 0.04900201994444464, 0.47830430690701886)"
300,"(0.6906993976786433, 0.7876642179374936, 0.9759392688039928, 0.7922641667387598, 0.27696515318420356, 0.5563446437937652, 0.7236300662964582, 0.2661271479444929, 0.521246281723626, 0.5147775232747533)"
301,"(0.1170920197937918, 0.5561214292973644, 0.5091168473125071, 0.6642445773181662, 0.9084887603931235, 0.6500073817446039, 0.5080375612768333, 0.9367184437478844, 0.26193502177741157, 0.2624424742050707)"
302,"(0.7339734422466183, 0.061070700054687954, 0.8442929724985074, 0.5657745926865001, 0.368628561910728, 0.8149164007186981, 0.39920780845809456, 0.784522905935921, 0.34613073602519306, 0.7886356573075611)"
303,"(0.6994689361815045, 0.7977382879396064, 0.590403471867363, 0.3493359694711403, 0.0922233800940977, 0.996061222645461, 0.37667281949764586, 0.9427835534320322, 0.26020930455489455, 0.053458854310630244)"
304,"(0.590549634749538, 0.4133448897541705, 0.7415645195806073, 0.4508440501716251, 0.940749496253374, 0.5161136404866041, 0.5883536056297902, 0.37762215996863857, 0.9987681668967109, 0.3032516203037888)"
305,"(0.3825723041861695, 0.36911768835610215, 0.34341189752130674, 0.9948294360289757, 0.673004421697645, 0.3095609533464352, 0.052031069369453786, 0.997486438811204, 0.9821668260182719, 0.3945727966987328)"
306,"(0.7310941940439927, 0.9708902650405432, 0.12919500693710406, 0.8819554313869179, 0.5121510796512819, 0.10066066800398976, 0.6445407336859018, 0.3181709790868428, 0.442550226830836, 0.8862898973179557)"
307,"(0.9459090299316955, 0.1446936197317793, 0.9960068637797971, 0.29264269898688455, 0.18687235950111147, 0.015164063100026381, 0.9325710934770095, 0.4397043537305352, 0.21371755119102265, 0.9957336893939214)"
308,"(0.49886206939096034, 0.6805973245417497, 0.9179039534120496, 0.1749718639379516, 0.4779705436483098, 0.607201766516616, 0.04791039992231061, 0.9237579096174618, 0.036468050154911835, 0.8196098277155421)"
309,"(0.6312564013076759, 0.20105306916909893, 0.1569837264704227, 0.14770250979717015, 0.7550600385924189, 0.08557959482134214, 0.3155805507892685, 0.5429695075769078, 0.892404807174562, 0.1278724331301312)"
310,"(0.8526485320371988, 0.017616755808251172, 0.7534748092063859, 0.39165869301897394, 0.8812849923657241, 0.6161711433361632, 0.569810724677464, 0.44101902003997995, 0.8414286446294444, 0.6737396468637243)"
311,"(0.9636059403184897, 0.5922869226180005, 0.5930349172850048, 0.5105811087993016, 0.11227289360114356, 0.6569096701933067, 0.2687756737598508, 0.7618641558309865, 0.5951559801129819, 0.1520333396720176)"
312,"(0.4747896676130873, 0.4168820304486818, 0.19452796286464435, 0.43731750323572716, 0.7610900671014138, 0.8443491224657299, 0.1767250970028862, 0.27819215554694854, 0.6106291601400492, 0.5853612907752817)"
313,"(0.4340213666656132, 0.10729074436825303, 0.3338374283104505, 0.5087937335934637, 0.3782233142206234, 0.5162136748256375, 0.9004799790709969, 0.7794431823647622, 0.9574472524750199, 0.8526658503404824)"
314,"(0.5371650388829655, 0.27531646939851173, 0.2533199265559679, 0.1691709226909458, 0.16468887119170583, 0.36101011792338034, 0.18746435143569262, 0.2233973550212477, 0.4918782916126099, 0.5759659359539182)"
315,"(0.8151623781398689, 0.6578106942989638, 0.403104710464967, 0.2737257279177091, 0.2776223454438628, 0.5204911418098542, 0.328941275711749, 0.45671330690702205, 0.30952620053967794, 0.24255714749455748)"
316,"(0.20673913544045075, 0.6694436332870932, 0.21760148744321128, 0.44441543127805117, 0.980303077727533, 0.21459830371833244, 0.9067358691753846, 0.8378746451133904, 0.6997482745187062, 0.019868576008249206)"
317,"(0.809561757621905, 0.5703040651545128, 0.14518169358007837, 0.12535166137992793, 0.7112653214933977, 0.010559849601447513, 0.09561228127989452, 0.08884709559412063, 0.8975521437201891, 0.4101249613726883)"
318,"(0.10083881713152287, 0.9293287795478178, 0.8452992394848459, 0.697099921498142, 0.7870396535729348, 0.05183653551337586, 0.6340279717916782, 0.6629843754775142, 0.3642925865438915, 0.6344487224469848)"
319,"(0.6146528408108533, 0.34369853961744257, 0.5847356938824011, 0.47955491656707905, 0.1485028918577137, 0.969383257506023, 0.6801223619549823, 0.08169037175928406, 0.8220060747649092, 0.09866676239731498)"
320,"(0.3354447566805958, 0.5462969779149188, 0.18455278105006945, 0.9736997350147555, 0.9037323144629105, 0.24427667815938348, 0.9745956501791262, 0.5712356114688275, 0.11371268990359207, 0.42420310907018155)"
321,"(0.3538369364814199, 0.671859516160265, 0.14583505603916724, 0.7324770148081879, 0.567414532425677, 0.5428530865565285, 0.3066119545290511, 0.5524988298764593, 0.3110345949940292, 0.053745813674670684)"
322,"(0.46983013064091084, 0.7125081019690406, 0.9732789074846784, 0.33443035560981627, 0.7619572589367927, 0.9376329952198584, 0.9493301767125607, 0.9078569694807425, 0.6152453818868273, 0.44052331268915135)"
323,"(0.3369874626264022, 0.026207226590815313, 0.6948640429315909, 0.3593758028521752, 0.7102069759747882, 0.15457509947120984, 0.4988814516956416, 0.9405219718373757, 0.16565664112712675, 0.43970045775922173)"
324,"(0.5226479964030009, 0.17125312471493181, 0.9131842097102902, 0.0697677483110839, 0.6211747076924147, 0.7260784360461264, 0.8939034795810321, 0.08834446452937261, 0.12429381077180524, 0.9299166255783443)"
325,"(0.4177619074126775, 0.3517488467754103, 0.9661807508929775, 0.1982772711286117, 0.8774716633511344, 0.9492156333581638, 0.09551617588572936, 0.5142735698828853, 0.3041106596641876, 0.5683337971441741)"
326,"(0.1901715494007249, 0.4731412017312213, 0.3945447717420324, 0.3626887483182749, 0.9499064283053424, 0.0218511008010166, 0.15214879309356855, 0.36737691266988914, 0.7692084969211083, 0.7875328148324324)"
327,"(0.020091567482509953, 0.5897000483440707, 0.5425224494733902, 0.8460601057344944, 0.23839230565164982, 0.6842710156404438, 0.7378263439259534, 0.5879560415545043, 0.33408021520912534, 0.6885421250713456)"
328,"(0.12621650185147304, 0.003696099532907837, 0.8811840872667044, 0.9365055758117207, 0.06833904151965431, 0.2894958379762883, 0.37767376791283613, 0.09905393987610345, 0.06172563137531051, 0.6357938593072013)"
329,"(0.6825198909071842, 0.2699230009746677, 0.4222956390497472, 0.09685342278655551, 0.86881516757056, 0.24070472440562796, 0.31275325928876097, 0.02930291211849745, 0.28666969821908717, 0.5688147057795807)"
330,"(0.5505676899419212, 0.6160650968603565, 0.18169275207109625, 0.5402077278153531, 0.4568029589839958, 0.4488607375372391, 0.6387936238439511, 0.43128871483830955, 0.3588362150901434, 0.6562242648124629)"
331,"(0.4664916224265214, 0.981872473239949, 0.8070184808059627, 0.7227023638134823, 0.5246398974336639, 0.5303223151866647, 0.379974545642502, 0.004002825836337154, 0.9698020039385873, 0.6614695343111732)"
332,"(0.842478426079053, 0.22201299144556808, 0.8204577474268994, 0.6698471371599354, 0.22977909252103323, 0.18082782202110148, 0.09824485247358228, 0.819210657044951, 0.546220945119554, 0.2257147073959247)"
333,"(0.969968119168323, 0.3416067191974588, 0.04242571983404153, 0.32728765485565925, 0.5015030410077138, 0.8035870256114974, 0.12182064122953584, 0.6190047639522509, 0.2781686139394077, 0.03989487628504729)"
334,"(0.026282875918735793, 0.7287155625009956, 0.27475367620567526, 0.3718685222049374, 0.6710392486340974, 0.8692082054395129, 0.3045944628029761, 0.7976713868945726, 0.01307312528937965, 0.5054778810206547)"
335,"(0.603356518415287, 0.05865852231414992, 0.57055543800579, 0.5559205682870338, 0.9561347562864135, 0.7887281405693831, 0.5102027972878956, 0.6213454472015137, 0.25807954774634423, 0.3340300436029966)"
336,"(0.5999501079058277, 0.5776429511519657, 0.030648272815999467, 0.8284121489776987, 0.6190484222029161, 0.7934563468383009, 0.5022842827195154, 0.02675709722796782, 0.6268114514482788, 0.8137180471315812)"
337,"(0.5462295103780578, 0.18253734491982276, 0.9887437406383424, 0.8423159028395936, 0.9747635052799802, 0.9881564674691916, 0.28343276155097874, 0.3565444717303561, 0.106012720183149, 0.9505106232831778)"
338,"(0.3206724469008587, 0.39587482889129877, 0.06248433582853119, 0.03168606887081382, 0.4101491733641227, 0.10545621826593377, 0.3695577632877498, 0.937287702148412, 0.13011273794149736, 0.2681836127612992)"
339,"(0.19865445179706653, 0.46722420168236645, 0.13988851994318885, 0.8232062265263376, 0.784313842755311, 0.8520799106597509, 0.8936071594609368, 0.8996791115203057, 0.3820586799936647, 0.786959057239892)"
340,"(0.717486468734094, 0.30902212173260746, 0.0010452669408927973, 0.2438272516688117, 0.7486331636014721, 0.15252699825563998, 0.6065485737012667, 0.04788588402494742, 0.3033124635866591, 0.8800586665155842)"
341,"(0.8846864483285907, 0.777207993411533, 0.06798387437351072, 0.350760000884906, 0.76838898483261, 0.6607580640466542, 0.06275464752181881, 0.14385202732362679, 0.17011923777748916, 0.22461852635499624)"
342,"(0.9376192083816275, 0.43191170929012646, 0.5188509380421293, 0.6439227760665124, 0.05631894863331899, 0.8987883350469167, 0.7707394227610114, 0.8138998287766309, 0.7272854081940612, 0.37014773633044173)"
343,"(0.8965267119727658, 0.5722375194819208, 0.6905843694318554, 0.9622378077441414, 0.2851440875878264, 0.807386212072297, 0.13260597120688333, 0.981842517926346, 0.2913490002257694, 0.4659850525904812)"
344,"(0.05826133490045937, 0.518783732454416, 0.34535479988163176, 0.5724409787012349, 0.17663973893944762, 0.49465002306637884, 0.2308542630503112, 0.6968640633667278, 0.7971651838544441, 0.3908911214176133)"
345,"(0.32746222182971174, 0.8111337151115782, 0.4606560646461113, 0.5697506472762068, 0.08583735694419037, 0.40559062797455403, 0.6855088554365403, 0.7658453141080445, 0.07737755234240995, 0.8008013511351648)"
346,"(0.49332211779250346, 0.1980055830123003, 0.7744592631970176, 0.7603664402104349, 0.3533287532079187, 0.013251224358241998, 0.352065273588249, 0.8583929600545585, 0.004186904025024862, 0.9004268329270962)"
347,"(0.31440165208753845, 0.8602505743832469, 0.14527547950419883, 0.5071675820711771, 0.05775279022142432, 0.5172876123085763, 0.0735635467049327, 0.7343845114913528, 0.4779055711500002, 0.06386730923764816)"
348,"(0.63269709884043, 0.7333785469888868, 0.5997694752933411, 0.23888084032431078, 0.2452749316581444, 0.10805201534721176, 0.40929539501657564, 0.4185930551940136, 0.8338065967796838, 0.2758409202086013)"
349,"(0.1895853312913801, 0.5710001344434832, 0.16127654159707394, 0.3764365527061859, 0.11636014713875353, 0.21006594860787864, 0.2613971212436388, 0.8511587842958053, 0.5126694565053792, 0.6308113117238414)"
350,"(0.6808557639681827, 0.4295535013782976, 0.2421638344382555, 0.7748214185324883, 0.6126612524792681, 0.11962287497970991, 0.9844927531932, 0.8546194604918245, 0.9931983025257726, 0.873621036525713)"
351,"(0.7521571872052866, 0.5477423155617981, 0.8503015873720605, 0.08005146813535069, 0.12216425460662195, 0.12317791328603211, 0.30785236487183953, 0.7451599195490104, 0.05086920299505304, 0.5565727277968603)"
352,"(0.8027932421164632, 0.4205279061325379, 0.7055141145557358, 0.16852582391631576, 0.04169782697694702, 0.8463878295956726, 0.9534219062047147, 0.8061088050801555, 0.48986455985845123, 0.492020245085635)"
353,"(0.14451666651714234, 0.1310114759606701, 0.7123890471418332, 0.19705413237450442, 0.8568253002180539, 0.09072335856076785, 0.0570006685632527, 0.519811532235216, 0.7965825941544712, 0.5451825566366194)"
354,"(0.971000004626498, 0.5744033829617863, 0.09095871414538403, 0.22695390914604163, 0.5261849771039139, 0.669537812259151, 0.9859572270412843, 0.6824300983092548, 0.43032067239906957, 0.9031840402835767)"
355,"(0.48519751304391345, 0.87472416227419, 0.40546685143653904, 0.4683106624124994, 0.4242143292811207, 0.14052879689271136, 0.9947571424562971, 0.7779230437579052, 0.9561337243684944, 0.626919592013694)"
356,"(0.9384947952028342, 0.08216794471461863, 0.27998353096739015, 0.9934397706002499, 0.6049143274315613, 0.5597865896606277, 0.5867781443376255, 0.07199481042715294, 0.973319917528814, 0.44755062036482596)"
357,"(0.08221454666914363, 0.5103519860900508, 0.021523509837758636, 0.6306860215178248, 0.7081516259305682, 0.46917970623290317, 0.4546499612671816, 0.6197188462400941, 0.4664903074899025, 0.751822087503231)"
358,"(0.1510970289168585, 0.023662825088186512, 0.2933047660983443, 0.632821979932662, 0.6627225560518362, 0.8114532696368554, 0.543818776174755, 0.6619465653740281, 0.7329199323093768, 0.3051858690511142)"
359,"(0.8356007091105229, 0.247323445279793, 0.9071652446561512, 0.07034279182363024, 0.14917343685580153, 0.5421963276948426, 0.34638222954219444, 0.8005140255849709, 0.3973244407466022, 0.9816577291198562)"
360,"(0.8845459936022654, 0.3275245994519005, 0.8771051496107807, 0.3237900346084376, 0.0476045281995604, 0.06963622730415686, 0.4044659578687376, 0.023246596174020362, 0.7497195766637401, 0.2744993241754804)"
361,"(0.9013792122275823, 0.13756665992269135, 0.4070885851728505, 0.5663613963983692, 0.5677373233733713, 0.7583069596149976, 0.8372530699135192, 0.8688283305396275, 0.9096665398202795, 0.9357403388568869)"
362,"(0.031397553345166695, 0.0614058206982252, 0.4065975160026768, 0.35019309858049497, 0.5159646271168167, 0.2906547051811763, 0.197618761010817, 0.6167535693578006, 0.7926736012751819, 0.133022632848121)"
363,"(0.07919455311252455, 0.5299125921936751, 0.39891362775692085, 0.3884037142040614, 0.6501279602685817, 0.287207978042775, 0.7633532428557905, 0.5816109451923239, 0.22439155761972662, 0.20081219891175806)"
364,"(0.41815136795638663, 0.11896243706322884, 0.17854304374759966, 0.22839929082832622, 0.338098642699158, 0.9740972665715422, 0.5720008728869374, 0.6511827327811547, 0.21815122599006853, 0.4279616901187523)"
365,"(0.10093445159236136, 0.47514469029558803, 0.13660635331281978, 0.07035807896811963, 0.4850178598655468, 0.43002435526013016, 0.45769818855935185, 0.7370215616348579, 0.2736383639952019, 0.1886567120078998)"
366,"(0.5941335297422387, 0.13429211492640125, 0.6810095254265486, 0.13881418051986372, 0.8455237874390704, 0.13235413069236135, 0.4638134513239799, 0.12562422217281233, 0.09257773993967122, 0.14964209568623843)"
367,"(0.8825854827379821, 0.5342152554560389, 0.11017530781968665, 0.5382291511909004, 0.8396890152481677, 0.8744344459245932, 0.7140563545172985, 0.07145763416973083, 0.3411006600173828, 0.3229291957511461)"
368,"(0.4793950064980582, 0.0962857867931417, 0.9645892765154235, 0.8595432394430715, 0.9980105297633183, 0.7085126979687562, 0.6518723243099103, 0.29378151490995175, 0.44450124469085306, 0.12227409197665451)"
369,"(0.3191570374605589, 0.5853383912207378, 0.03758687344593126, 0.3008213969814246, 0.7851495638727367, 0.985756996881143, 0.8686343775107689, 0.9706980675931038, 0.030473416907650597, 0.025634769128832446)"
370,"(0.9378623552984056, 0.195927395082503, 0.4685788682188152, 0.08603208453244038, 0.7775398597847821, 0.46805790915472734, 0.9040417466479808, 0.6954694406233648, 0.1154010586374723, 0.027517624143958086)"
371,"(0.7956714729466773, 0.9747935613499029, 0.9053117843146925, 0.1361287351086501, 0.21488834949515345, 0.5145728352003952, 0.5800145328911995, 0.00668249234137519, 0.31464435008371494, 0.8918725190014425)"
372,"(0.19922352946877075, 0.3896515209055059, 0.4132705690146733, 0.8047733144101687, 0.2338934282039754, 0.8491031205934989, 0.6512775390439057, 0.2232832170968645, 0.9768707021654169, 0.3657372467702791)"
373,"(0.2403619379191403, 0.4743434044231254, 0.5812277590022655, 0.4216388902779472, 0.6164445201652442, 0.03387817018215977, 0.8259018944010874, 0.953746389118695, 0.46475642324935207, 0.39370846425697503)"
374,"(0.7864138783253739, 0.8155934321043161, 0.10454047888678031, 0.3410960031427728, 0.7205245794402378, 0.5450555019856257, 0.5746798410667364, 0.890330929546278, 0.8949589952096073, 0.4304118399558762)"
375,"(0.5917177913611372, 0.805216718896426, 0.948457681677499, 0.5761277481278234, 0.5420935913354094, 0.02055412999521178, 0.3096355324642278, 0.2185976109059945, 0.34527058735092975, 0.10589139055726526)"
376,"(0.2005665763369645, 0.7437675336075708, 0.23268342278737753, 0.2030725232447892, 0.4491277008530975, 0.07219932284736541, 0.6649868778292286, 0.5891340708131676, 0.5112177839483749, 0.1362066923850147)"
377,"(0.31187704237263225, 0.6519839205248554, 0.5471152226969518, 0.07439766301002326, 0.22505617551063373, 0.09884757837161151, 0.4065711518487448, 0.9785453553860731, 0.20292594834696287, 0.13198207676974816)"
378,"(0.17873009816211116, 0.68658701922725, 0.11816101864737183, 0.7317735260403256, 0.5956023612353204, 0.4202373120854016, 0.3298616780792135, 0.8324379660418285, 0.17004593879406293, 0.4056953516883912)"
379,"(0.4605571993622477, 0.6354661776696502, 0.3827896271744905, 0.3096559729340608, 0.1031112994949791, 0.9766787831113938, 0.4566693222427817, 0.1620092364799589, 0.4088435970971339, 0.37748513987990806)"
380,"(0.6501826748027706, 0.6734751856842169, 0.2966564588666847, 0.7474560014822975, 0.9733863857332651, 0.5466746275818188, 0.34739371561941135, 0.23618797093040045, 0.3545143053855244, 0.4434704003163926)"
381,"(0.8208741427055098, 0.833846574072479, 0.23274516463531036, 0.03880958732086781, 0.3031851328355887, 0.5637854630532745, 0.08563969209679412, 0.4833641903170848, 0.0479783574727396, 0.008213119272164282)"
382,"(0.9565849747596535, 0.07735192142354597, 0.3847147652536733, 0.14533307864279066, 0.3903640618246832, 0.8841430047176644, 0.7970931958146893, 0.1916117551650186, 0.610392169895053, 0.48267571813033017)"
383,"(0.41125401989216404, 0.6789865365023667, 0.8649807311818841, 0.4222856219169149, 0.9607136232420701, 0.4786120326966836, 0.32440262482189486, 0.2483483058547974, 0.3361953513223316, 0.40712719428246136)"
384,"(0.39889230907414475, 0.5581384599472652, 0.6063225050505348, 0.8500765037666288, 0.49206687069569155, 0.5830662571331169, 0.8330036945014828, 0.9605587162442909, 0.2858650656874988, 0.17266899219725762)"
385,"(0.34962862305688835, 0.31558935769686025, 0.030926175961033087, 0.5297067665719125, 0.4280012228058814, 0.3763286549462469, 0.9965116328742362, 0.09041820281386759, 0.13971143790718954, 0.1502716189277401)"
386,"(0.024997496192719515, 0.3423177367739486, 0.7737121138829067, 0.6599826826710761, 0.6498405937432045, 0.5332969012284052, 0.7587748454285554, 0.6607523890250543, 0.1554385539898573, 0.6330811313277065)"
387,"(0.9641859112157474, 0.10318490645337397, 0.7828475289956001, 0.565274894472799, 0.9571225561849889, 0.05953258001325068, 0.13355236850659225, 0.334344417848325, 0.8059792860879432, 0.05874142078768907)"
388,"(0.19842507659807573, 0.18852233813842445, 0.5758802243297482, 0.3832862344413047, 0.010699895732360076, 0.20718294687419525, 0.7620252870335249, 0.5612111177164885, 0.663478854036585, 0.12166750250311709)"
389,"(0.20552497951414184, 0.5483908515088566, 0.17453225916575899, 0.7621601674317219, 0.7000501890581053, 0.9797243500171277, 0.7455469621171147, 0.32539211050603256, 0.7464630328645957, 0.08264636485668142)"
390,"(0.7311992064105662, 0.42485740425246465, 0.0890186276585958, 0.047557258088613, 0.71779316898255, 0.5153662288339997, 0.5473009309343759, 0.11533715645487252, 0.9279411389676703, 0.6076404643754229)"
391,"(0.5627689436172727, 0.9103089217781677, 0.6934805690148673, 0.7344422007195459, 0.10778220386199211, 0.04698323515696645, 0.7161495299410162, 0.10150196984730298, 0.4505577447906437, 0.12387085167133427)"
392,"(0.5367864679851617, 0.15249720111333065, 0.5724158326657047, 0.738839287406179, 0.2972014077395323, 0.48639297085264765, 0.8291604993392999, 0.8040938629263675, 0.953776313752211, 0.25380864510807644)"
393,"(0.11746975107980906, 0.12561282710684685, 0.3110418549981686, 0.7268543698166765, 0.8004982300159461, 0.10566396459795968, 0.5273473789937029, 0.968313123129999, 0.39891440981294046, 0.6626546778768142)"
394,"(0.36419107986569055, 0.8788722373189809, 0.1775341692201351, 0.7425107962993447, 0.4794918275571749, 0.39050283634005056, 0.18099218927443417, 0.7399961547272315, 0.7366122581167098, 0.2727679449534506)"
395,"(0.7429616728953282, 0.015452189364984603, 0.8579176839513977, 0.4212629248331009, 0.8887947843007038, 0.8496162385559577, 0.6352464498443531, 0.5905869512374401, 0.3000606505661002, 0.5679961600642827)"
396,"(0.8958912256482112, 0.0031940063520602413, 0.40612438838768805, 0.7894777178243194, 0.7520222340092888, 0.9683671779001993, 0.27605885005496034, 0.8910785500939612, 0.22348876175743926, 0.20530631738891814)"
397,"(0.9557817757935182, 0.1200620119720266, 0.39944948604121155, 0.3501423447637473, 0.9794028705343998, 0.7709730399632975, 0.06381907616974747, 0.9268740511741469, 0.2845053725544685, 0.7158024136806971)"
398,"(0.48033922276232066, 0.7761121847447102, 0.8776138466385282, 0.5749783250549863, 0.5776617990860802, 0.572988485093774, 0.1767633531301952, 0.5557908211236683, 0.3288707382588427, 0.6217088281167744)"
399,"(0.9879120777466007, 0.14278768471809122, 0.13653154613478302, 0.9664448935788882, 0.3528074874838921, 0.7366477545399737, 0.2568766923882543, 0.7517237377216084, 0.829501427892675, 0.5748677153051074)"
400,"(0.48480341478055655, 0.6527246949677726, 0.038536421780061, 0.9883687653586044, 0.2989687387707912, 0.1127092341886703, 0.2583066635999647, 0.7570537159338586, 0.046153140069176035, 0.7045345905780147)"
