user_id,username,password_hash,email,role,token_expiry
1,schmidtashley,4d962465c7fe8e4207f05b01b00bc185acad93f11ddcee06247781027baabcb8,ojimenez@hotmail.com,admin,2025-10-14T22:41:57.180383
2,ewheeler,c74cdd905b5ae3bdeb05a122717d7455382208e2d4915de4eab6d24b714669e9,lorimckinney@fitzgerald-wiley.net,admin,2025-01-05T22:41:57.181090
3,pkrueger,acf7dae3e919d6af4a18489831db3d2e6b0adfd1b6bafaa2d7463473b3eb9a90,whitekimberly@hotmail.com,user,2025-04-13T22:41:57.181519
4,tmartin,9fe8ceac1115c372d48c58ddcf998d8669658d237bf2a6c469208ca31c88ca02,hardingtimothy@anderson-morton.com,user,2025-08-21T22:41:57.182321
5,brenda55,f40f22009feb7cc9d3d8f48dffc112dbc24bd426e657fa918c27b8bbc3d8e3de,sarah99@rangel-calhoun.com,user,2025-01-22T22:41:57.182851
6,dbarnes,58b2aac2b5ff37522ff218328719efb33f74c90ea98dc29e0e377663d25f7371,megan38@williams-wallace.com,admin,2025-08-11T22:41:57.183842
7,kevin33,32c8ea7e15f4c1f0cbeeb6e1a00c65bd3fc4088e229b562ff10626a4239e841c,gburch@lewis-lara.com,user,2025-09-25T22:41:57.184467
8,duartekatherine,3519fa3dc8cd277e79b475c912f8a7a2f6779ef7027efac870a93c53808755d4,eholmes@moran.org,user,2025-08-12T22:41:57.185296
9,rodneyarcher,4a31451b63110f3a767ad8900761f3b583a21e602eb20c153b9578416c837a1c,laurenmcbride@wilson.info,user,2025-11-03T22:41:57.186066
10,watkinstiffany,50b8c13b00bb528aa61786fe33be80bf0637039220766e6ef38fe483cae360ca,michellesantiago@hughes.com,admin,2025-05-27T22:41:57.186721
11,jessicaarmstrong,dbbba1e2cf8ecae63853c8850a574a7ebf1eaf6a3295c80caf378fc46d1a74fe,nicole35@forbes-garcia.com,user,2025-03-26T22:41:57.187339
12,emily15,0ebba5c62491bfe7d5e4f8bf5b2470a22f8e5345c5cec9cb90193169bfd03f39,scott15@hotmail.com,admin,2025-06-21T22:41:57.187601
13,dale73,3eaf57f6d15a12c300a7e7e9d4a609c72f3a88098742765edd79100238b31ef7,jonathandickerson@harris.com,admin,2024-12-04T22:41:57.188083
14,christinasimon,92ad2d7436b6b6676a7ef65d88c10b28fdfea58911bb3e1ffe265685d51524d3,michaelcastaneda@hotmail.com,user,2025-04-04T22:41:57.188803
15,jon77,f3c4b0cda35cf9ea6167057c175c8374b06c7a4ac6ce6f41a84185b72f8efb1b,skelly@wright-walls.com,admin,2025-06-19T22:41:57.189335
16,johnnunez,b137281e119a9744b552b89b99422ab0c6fc28d850d12b8f7a2aa032653a8b00,kwilson@gray-robertson.com,user,2025-05-20T22:41:57.190114
17,hernandeznathaniel,46f01eb3e01e7b4582c6e0f167c582e738e76e1f20f6246927834cbda00c3f71,jonessamantha@yahoo.com,admin,2025-05-10T22:41:57.190654
18,jenniferlowery,5cc6093362aeb7b0c363819a2a940b26fe7d921f31a04775a32ca15ec7a29465,hkey@gmail.com,admin,2025-03-04T22:41:57.191072
19,hannabethany,28aab6bc1b8e2f3ae33e146cbf748ff61b2f90fa26f3472cc8435c6c2a76d087,prestondawn@gmail.com,user,2025-08-06T22:41:57.191562
20,hwilliams,9dbbbbd7951b9211c2c6e14331983314c52e02edcae9c0b02af8fffa39232cad,andersenjeffery@mendoza.com,user,2025-06-17T22:41:57.192348
21,adamcherry,014044c6ec77002972e9026263137d5fb463b30170ac7bef9d58f22320f9bd78,elijahmeyer@yahoo.com,user,2024-11-24T22:41:57.192903
22,millercynthia,71faac6f34c45f2753c1cdeabb661976658adfb4d104bbfec26c83718cb22511,melissaduarte@yahoo.com,admin,2025-04-16T22:41:57.193406
23,jasonarmstrong,8cb7a1f8c8d9cbe512488f59f193cc60ccdafbc0293b36d3bcae97ebf6a96a26,stephanie40@yahoo.com,admin,2025-06-17T22:41:57.194193
24,evanhenderson,14a3282127555f4f8c0892e6bffedf6523463aba31025e5ccd2a56c13719f6d8,carterguy@hotmail.com,admin,2025-05-25T22:41:57.194663
25,carrillosusan,d7e457ccb5e6a5418981282cadbdf412f611bb5acba1cb55644b55b4c61c8702,oramirez@wilson.biz,user,2024-12-17T22:41:57.195272
26,douglas76,7466af1d86dac873720cc86543b733a2a559d1b8f582d57c5edcfaa7ffadc818,steven34@tran-waters.com,user,2025-07-06T22:41:57.195743
27,kristinetucker,0bf56fd4c3ea4f173403d453ad090cd759b537d08e99886c0084f79fc14872bb,sli@gmail.com,user,2025-06-27T22:41:57.196151
28,dorothygriffin,06017c79ce67830247d8d77aa2ef1b2604b7b16d0d20986ea66fdfe1648a574e,eclay@garcia-rogers.com,user,2025-06-18T22:41:57.196789
29,susanherrera,7008371dc8591e990e96e94d8c5a2e103fbea9572ae07be02b7d1b9a597e79b9,bburton@gmail.com,user,2024-11-26T22:41:57.197236
30,nellis,19e9d5c8be0eb10ebca8973702e1d9155b5498bc902453812ae111102d004c4e,martinezjennifer@yahoo.com,user,2025-05-16T22:41:57.197660
31,wellsblake,834ae81ef1bff025a91d0332a340698a0fe455ea16e08afc39ed5d62bc0de996,melissa45@davis.com,user,2025-06-23T22:41:57.198468
32,martinanthony,e9c0396f5d1d7eb9ac2de3d7a4f7cd7152ab13866168b55d7664e47aee560fd9,jeanneklein@hotmail.com,admin,2025-07-07T22:41:57.198963
33,crystaldavis,3c13d7f5c3766c4a84540dd0db118f98150bb0facc66ae58570a0992d9aa6d6d,obishop@smith-holloway.net,admin,2025-10-12T22:41:57.200001
34,swiggins,b8134d3f1f63340deb3e5378124d56d170cbc040861df0fd27d853db2b3f41b8,jroach@aguilar.com,admin,2025-05-08T22:41:57.200490
35,steven58,60f5532ff8e4153b8b601b319567cb46c37be1d33481f9ab4137a814c3cd89c0,youngmarcus@johnson.org,admin,2025-05-26T22:41:57.201226
36,jamie42,05ad7c095202574e115c96e64a45154fffe26c16b093f35697d21c3c63028c7d,anthony74@yahoo.com,admin,2025-03-17T22:41:57.201448
37,mfernandez,d96f71b4a87fdb2ee55acd1107ef03d3051681ca14e4ab7252724877b766c245,blee@gmail.com,user,2025-04-29T22:41:57.201886
38,loveanita,1885883c81b13bb8c330ba3727de3010d128aa85204a1150b87b772cd92cc4a2,jenkinssherry@yahoo.com,user,2024-11-19T22:41:57.202326
39,melissa87,b5c5f92ecb1d5216aba068ab0cd570c123bf4785bea9386f2583a0e281a59231,lhuffman@cortez.info,admin,2025-01-19T22:41:57.202687
40,cbrown,4bcb62eb249cd08407d93f9fcae757478949ea1b68a9f07475255c53f5c1cb1b,smithrebekah@daniels.com,user,2025-08-05T22:41:57.203423
41,fstewart,d420a21c29f7813fb0998688bf3c8b400931c5eabff95ca96e58651209a409db,davisalison@yahoo.com,user,2024-12-21T22:41:57.203773
42,buchanancorey,4dcf1ac013b1764343ef42341b36c293646cdb499de93a3748d813038f2d7c05,matthewatkins@hunter.biz,admin,2025-06-06T22:41:57.204549
43,salazarjoseph,f0f6a153ba3d5e367f9f09b8598c4c938c8e5b50c32b61faa87c91e5879d4937,hmoran@yahoo.com,admin,2025-06-01T22:41:57.204899
44,ronaldanderson,147beac33861893e972c714b5cc5b7fb3346d55dc398c05e40f955b019a705f9,beverlyhernandez@yahoo.com,admin,2025-04-20T22:41:57.205929
45,maureen43,f117c489b8ee6504fb09cbf7673c56e22c8d5b462d3204a2099db672c48a54be,allenquinn@brooks.com,admin,2025-02-22T22:41:57.206623
46,wilsonann,f78133acbef0d759bfe41ec651b5195e932c70ae6919c49b923d6639d4f62781,danieljackson@strickland-hutchinson.com,admin,2024-11-18T22:41:57.207317
47,stacy63,68e08848d6e6fb4006964483df4be51474a6dca44cde928bced88b0e70cb183c,christopher26@hotmail.com,user,2025-03-15T22:41:57.207534
48,hpeters,d6a0edd96d00500d1b442e305433e78c55ba54e882fe5c0170bf337db00a9b97,coxmichael@gmail.com,user,2025-05-09T22:41:57.207943
49,bbass,47c0ceed9e13d79e074cec9c57fe987638b79181ff494023afa0e4b7bd2aa97e,lintammy@gmail.com,user,2025-09-26T22:41:57.208325
50,jdavidson,bfbaeec5f4633cff0c65e7c56bf91934185b2307517eb8c64fcb180e92106007,greenlaura@robbins-ramirez.com,admin,2025-04-14T22:41:57.208889
51,debbie54,08a0b1b1beb6762104837f09ed0260e7eb4f347bba7c2db37d3f7e9191d15a50,bfox@silva.net,admin,2025-01-06T22:41:57.209562
52,agreen,9221890147c71ebf6ac602ec69647f9bbde97d8afabd432c70df98574622ae23,nmason@hotmail.com,user,2025-10-13T22:41:57.210187
53,clarktimothy,7e61cb8b0ae005cdf8ee13a0e8486c4d3b0358e03336967f94b19ca2246a96d7,jason99@short-nichols.com,user,2025-01-05T22:41:57.211223
54,matthewdelgado,c0c1441560bdb15a239250bb5d435fe65628aa83926a06f0bb1d89155aa1a0cc,spearsthomas@figueroa-willis.info,user,2025-09-22T22:41:57.212485
55,allisonwhite,7a00e04ba801a900ee17acd52bf6ad9552e7fbb3505679185faab857f4c9e79f,randallnelson@gmail.com,admin,2025-06-08T22:41:57.213330
56,nhart,87b52aa885878982f331146b05461dd49ee11fcde810cafb351c6ac80d5facf5,david30@payne.biz,user,2025-10-12T22:41:57.214069
57,rcastro,6bb5c54a1487150419f5db66335ea34804b5fd3e64d23b144d9cb9b9f1c3125d,susan16@yahoo.com,admin,2025-05-11T22:41:57.214554
58,ryan72,0eeaf2dff1aa5079f2d7cb17a9af1ccb9ffadee9ab8fa9fee4114c50a07db5a4,ztaylor@brown-lopez.com,user,2025-05-18T22:41:57.215418
59,todd91,b63eb68014f933746dfa9d695a9c2c0913a6e00e847af9fb330626bd9631ffed,kscott@giles.com,user,2025-11-12T22:41:57.216642
60,staceyjenkins,2c458d6ed564132b0b931a504764642c643f4ecba4abb8d4b03beb29f6b85e21,bjoseph@garcia.com,admin,2025-11-12T22:41:57.217412
61,sheajacob,3ed66a3dec80e3a76e1cab6859dc184575796fda9f242084a14925eb736b03f6,anthonykey@henderson.com,user,2025-02-23T22:41:57.218253
62,aowens,794a03552213b5487002db9f23c1212aba5a332ca4301270d7d2767abf2ca7e6,ricknelson@obrien-james.biz,user,2024-12-18T22:41:57.218823
63,william58,13de5efaf190c6bc00b01b127c7fcc23a71a39187a0f20c075740fe8b1ca7d14,chapmanapril@hotmail.com,admin,2025-09-16T22:41:57.219136
64,clindsey,6f3e7d773796fa48a57e3d7e7fa6e80902e8888eec88ea992918ee1a2a9c99d2,coxian@hotmail.com,admin,2025-01-12T22:41:57.219778
65,oliviaclark,c2326cdcc5006be57856f125ffa9fd7558193d2766c123f6dca3f25ae25a29db,benjamin15@bailey.org,user,2025-06-19T22:41:57.220512
66,johnsontodd,5d4b725554b35ddd873c13224808377853dd3cf878865340e8337727f29e4cb5,stewarteileen@gilmore-cole.com,user,2024-12-26T22:41:57.221171
67,rachel44,b13f8e0f7dc51e5596b8a01a75e059d67a452134b4237df0dd2096460085829e,georgejohn@gmail.com,admin,2025-04-05T22:41:57.221710
68,daughertybrandon,23df952953264dcd107b7f249a5cc094cb11f39dc678d4364310462e9098753d,whitealexander@ryan.net,admin,2025-01-19T22:41:57.222485
69,dscott,a9df20bfb0b78be8a1df3ebbdcaee7f963c0c707a2646c55b72ed7bb140da885,ralphpena@hotmail.com,user,2025-07-27T22:41:57.222831
70,donaldrivera,1dff71dfb964118a7e23db5f443d55d7b3796d453bb27e319d08e0b618a6a561,ulittle@hotmail.com,user,2024-12-02T22:41:57.223172
71,abigail19,4e5247da339a537f1bd2f8520a1889d28d3716d973f2890fb29849fe28200b22,craig92@santos.info,user,2025-03-02T22:41:57.223701
72,fergusonjulie,873867304563b8b513c8173e8046b8604bf9d461d0b21ec29729d46aa67e7485,cochranalex@chavez-cochran.org,user,2025-02-16T22:41:57.224334
73,yanderson,53d98e402b815055109e6c124fed22c0b2a96bda83a9e2e6bb95b9661f1f0c2c,robert76@contreras.com,user,2025-03-04T22:41:57.224691
74,jasminemiller,8e71db7d138d14b31f34d522c6c93470b46c09f25ec8d779e4953a92262dade9,michaelbaker@cooke.biz,admin,2025-10-08T22:41:57.225655
75,egreen,6a732284592773f1f366cfe64813e19da0eaf2248ada11432d04f5c9f7445cd0,johnsondonald@lawson.net,admin,2025-06-13T22:41:57.226224
76,hawkinsalicia,7064e50a961a7d3c3ff8c59e9dd3a197319b3b8dd987b1ee8468dee4fb336696,clarkdarlene@gmail.com,user,2025-06-08T22:41:57.226687
77,sbrewer,f8b4b44b3fba3e6354e28303ca41f0118f7d4de056bf094df93c932ae536c140,cassie11@reynolds.com,user,2025-11-04T22:41:57.227262
78,ramirezashley,a3c6a1efd3baf4804291ad36b0eaa0742135577ecd05783e31ea87662fc8e9c4,amy20@brown-calhoun.info,user,2024-11-30T22:41:57.227827
79,gary46,195fa9b26b907371549db795b4e997b5cf146a7908136be770cc5a63743e1b71,renee32@brown-hunter.com,admin,2025-01-12T22:41:57.228312
80,ncastro,ae5c2c20b4508640436bb087a6470d72412cdfc287b7e4828e3845dc3f1642b8,melissa01@mcbride.com,user,2025-04-02T22:41:57.228888
81,christinasmith,d5a2d7f8ec500490f4737408688d2fffb2f2fab220d5703881f7ba0b157a5ef1,tinamiller@sanchez.com,user,2024-12-25T22:41:57.229674
82,stephaniefigueroa,c683b53824daa270092032debbe3260b7a8b31be6f599a920798c1a7555d462f,bryan66@gonzalez.com,user,2025-06-22T22:41:57.230409
83,ihogan,5752b33f4113728c719ec8f65f5f7568c90b35cb1316f611daf105c54864dbfb,amandahill@hotmail.com,admin,2025-06-11T22:41:57.230769
84,taylorkatherine,49a4dac624fd2436d557966b2b887b017535815070a4386fd8dbf67ecadeb9d6,jhernandez@smith.org,user,2025-04-24T22:41:57.231496
85,wmurphy,a22d43a87c1f3777ce2f5085fbd4f7676482f8c171794823951561b9f8175766,emily98@hotmail.com,user,2025-05-22T22:41:57.231762
86,olopez,60b3dd5090ae71b9de31560776c204dd4c25a84207dde4c4a8ae10431c21cbb0,ballnancy@stafford-silva.com,admin,2025-09-24T22:41:57.232592
87,ericareed,8b948041277feb51e7fcb1d0c81392ce40e1dd5ea1eb3da74e439e4e4682ca8d,bentleyanna@rojas.biz,user,2025-01-04T22:41:57.233776
88,kristenmcknight,28a83b0e7e163c888e0f17ca2bb606f4f746cad57659cd408b22dd8b6cd3f986,pgraham@vazquez.com,admin,2025-03-05T22:41:57.234357
89,lisa67,c64eadad925b85a89e99256a7b5e43cfe379844295086ae964789a33a29841b1,woodsjohn@yahoo.com,user,2025-07-30T22:41:57.234784
90,martinpatricia,c41670a0c42e57dff7ebd01aa348dc9a0bb8d0c82e41b9b8b794f38098e61a65,josephwilliams@hotmail.com,user,2025-08-06T22:41:57.235257
91,john41,8629ededa3b19f9ae4b92fd52a360bf99b6af8ffab8b74df503ceaa835b5d658,christymoody@gmail.com,user,2025-09-02T22:41:57.235661
92,harringtonbarry,2087285c2ec026471298f1e7b54630ed4fc249b3e3982b73631652f7b3e1d240,david04@yahoo.com,user,2024-12-03T22:41:57.236067
93,sflores,0aba8dd7f9bdc832a068829e79c40afdea475a229304bc82205902463d60e88d,sullivanjeffrey@hotmail.com,admin,2025-03-08T22:41:57.236495
94,james23,681082df7acf0f0037e053ba497a7909fba377efe788ff979fa1769971e5627a,jameslane@yahoo.com,user,2025-02-08T22:41:57.236872
95,sheriallen,ddba8061ff174f3e230cf61ef5456a00dc0b55fd9862a06c8f8ec7a55db1e96f,ann99@hotmail.com,admin,2025-07-31T22:41:57.237234
96,charlessuarez,10ad5bc7e5c895841aa0acb5af35b7f5b806a8c663a8fa3161408cf1836a186d,ricardo09@yahoo.com,user,2025-05-20T22:41:57.237606
97,jeffreyhill,84661c7d9ecb50930c5e41704643ce1f16294fa4f22cbef8e17bde5085c146bd,david63@shaw.net,user,2025-09-28T22:41:57.238313
98,noahdunn,d897a15890ace3c3f782bcc066492ffdb70281a7007b09c554cf55f64044a7bd,davidgonzales@ward.com,user,2025-10-29T22:41:57.239204
99,patriciagardner,eb417e3e3e736cd72925fca2c6d398d9609c5d8251535569c2b0092c4d0e10bc,hramirez@ward.com,user,2025-07-11T22:41:57.239766
100,khill,0067e5c12b92bef91873dfbcc47a72e4e7a93fcecab3270ef30d1b95922f5246,jillianjenkins@gmail.com,admin,2025-10-17T22:41:57.240181
